kind,name,gap,vbm,cbm,gap_src,edge_src,type,cbo,vbo,uncertain
layer,Si,1.17,0.7171,1.9941,lookup:experiment:foundry_ml_exp_bandgaps,lookup:DFT-surface-TBmBJ:jarvis_surfacedb,,,,
layer,GaAs,1.46,-1.9657,-0.6517,lookup:experiment:expt_gap,lookup:DFT-surface-TBmBJ:jarvis_surfacedb,,,,
layer,CdTe,1.5,-2.4738,-0.7168000000000003,lookup:experiment:expt_gap,lookup:DFT-surface-TBmBJ:jarvis_surfacedb,,,,
layer,CdS,2.5,-2.1972,0.3228,lookup:experiment:expt_gap,lookup:DFT-surface-TBmBJ:jarvis_surfacedb,,,,
layer,ZnO,3.44,-2.6357,-0.27269999999999994,lookup:experiment:expt_gap,lookup:DFT-surface-TBmBJ:jarvis_surfacedb,,,,
layer,ZnS,3.69,-0.4332,3.2228000000000003,lookup:experiment:expt_gap,lookup:DFT-surface-TBmBJ:jarvis_surfacedb,,,,
layer,GaN,3.25,-0.4061,2.4969,lookup:experiment:expt_gap,lookup:DFT-surface-TBmBJ:jarvis_surfacedb,,,,
layer,TiO2,3.3,-6.862709503075615,-3.562709503075615,lookup:experiment:expt_gap,model:lightgbm_delta_cbm,,,,
layer,SnO2,3.6,-7.4389594471141045,-3.838959447114104,lookup:experiment:expt_gap,model:lightgbm_delta_cbm,,,,
layer,NiO,4.0,-7.138985554126876,-3.1389855541268754,lookup:experiment:expt_gap,model:lightgbm_delta_cbm,,,,
layer,Cu2O,2.59,-4.6054415949321275,-2.0154415949321276,lookup:experiment:expt_gap,model:lightgbm_delta_cbm,,,,
layer,CuI,3.1,-0.2791,1.9238999999999997,lookup:experiment:expt_gap,lookup:DFT-surface-TBmBJ:jarvis_surfacedb,,,,
layer,MoO3,3.54,-7.42826334958519,-3.8882633495851904,lookup:experiment:expt_gap,model:lightgbm_delta_cbm,,,,
layer,WO3,2.9,-7.3410716399207985,-4.441071639920798,lookup:experiment:expt_gap,model:lightgbm_delta_cbm,,,,
layer,In2O3,2.8,-5.279850958080647,-5.279850958080647,lookup:experiment:expt_gap,lookup:GLLB-SC:castelli_perovskites,,,,
layer,Ga2O3,4.4,-5.347329882875268,-5.347329882875268,lookup:experiment:expt_gap,lookup:GLLB-SC:castelli_perovskites,,,,
layer,MAPbI3,2.64,-7.896713360936378,-5.256713360936377,lookup:HSE06:jarvis_halide_perovskites,model:lightgbm_delta_cbm,,,,
layer,FAPbI3,2.81,-8.049914020638145,-5.239914020638145,lookup:HSE06:jarvis_halide_perovskites,model:lightgbm_delta_cbm,,,,
layer,CsPbI3,1.67,-2.699682841460892,-1.0296828414608923,lookup:experiment:foundry_ml_exp_bandgaps,model:lightgbm_delta_cbm,,,,
layer,CsPbBr3,2.43,-4.332942343637798,-1.9029423436377981,lookup:experiment:foundry_ml_exp_bandgaps,model:lightgbm_delta_cbm,,,,
layer,Cs2AgBiBr6,2.19,-3.2829221957664623,-1.0929221957664623,lookup:experiment:expt_gap,model:lightgbm_delta_cbm,,,,
layer,CsSnI3,2.63,-3.0084691456368953,-0.3784691456368954,lookup:experiment:foundry_ml_exp_bandgaps,model:lightgbm_delta_cbm,,,,
layer,CuInSe2,0.96,-1.409102978233146,-0.44910297823314593,lookup:experiment:expt_gap,model:lightgbm_delta_cbm,,,,
layer,Cu2ZnSnS4,1.51,-4.230312365897937,-2.7203123658979376,lookup:experiment:borlido_expt,model:lightgbm_delta_cbm,,,,
layer,Sb2Se3,1.2,-3.4035841759600025,-2.2035841759600028,lookup:experiment:expt_gap,model:lightgbm_delta_cbm,,,,
layer,MoS2,1.23,-4.712490538202818,-3.482490538202818,lookup:experiment:borlido_expt,model:lightgbm_delta_cbm,,,,
layer,V2O5,2.32,-6.648811057358559,-4.328811057358559,lookup:experiment:expt_gap,model:lightgbm_delta_cbm,,,,
junction,Si|GaAs,,,,,,III,-2.6458,2.6828,False
junction,TiO2|MAPbI3,,,,,,II,-1.6940038578607624,1.034003857860763,False
junction,MAPbI3|NiO,,,,,,II,2.117727806809502,-0.7577278068095019,False
junction,SnO2|MAPbI3,,,,,,II,-1.4177539138222732,0.45775391382227326,True
junction,CdS|CdTe,,,,,,II,-1.0396000000000003,0.2766000000000002,True
junction,ZnO|Cu2O,,,,,,II,-1.7427415949321277,1.9697415949321275,False
junction,TiO2|CsPbBr3,,,,,,II,1.6597671594378167,-2.5297671594378164,False
junction,CdS|CuInSe2,,,,,,I,-0.7719029782331459,-0.7880970217668541,False
junction,ZnO|CdTe,,,,,,I,-0.4441000000000004,-0.1618999999999997,True
junction,GaN|ZnO,,,,,,II,-2.7696,2.2296,False
