kind,name,gap,vbm,cbm,gap_src,edge_src,type,cbo,vbo,uncertain,offset_src
layer,Si,1.17,-4.918003443915437,-3.7480034439154375,"lookup:experiment:borlido_expt,foundry_ml_exp_bandgaps",lookup:DFT-surface-OptB88vdW:jarvis_surfacedb,,,,,
layer,GaAs,1.52,-6.310453437448311,-4.790453437448312,"lookup:experiment:borlido_expt,expt_gap,foundry_ml_exp_bandgaps",lookup:DFT-surface-OptB88vdW:jarvis_surfacedb,,,,,
layer,CdTe,1.48,-6.620137274795113,-5.140137274795112,"lookup:experiment:borlido_expt,expt_gap,foundry_ml_exp_bandgaps",lookup:DFT-surface-OptB88vdW:jarvis_surfacedb,,,,,
layer,CdS,2.48,-8.619306040872724,-6.139306040872723,"lookup:experiment:borlido_expt,expt_gap,foundry_ml_exp_bandgaps",lookup:DFT-surface-OptB88vdW:jarvis_surfacedb,,,,,
layer,ZnO,3.44,-8.570243249609078,-5.130243249609078,"lookup:experiment:borlido_expt,expt_gap,foundry_ml_exp_bandgaps",lookup:DFT-surface-OptB88vdW:jarvis_surfacedb,,,,,
layer,ZnS,3.8150000000000004,-6.615348992182235,-2.8003489921822347,"lookup:experiment:borlido_expt,expt_gap,foundry_ml_exp_bandgaps",lookup:DFT-surface-OptB88vdW:jarvis_surfacedb,,,,,
layer,GaN,3.5,-6.450188083891796,-2.9501880838917964,"lookup:experiment:borlido_expt,expt_gap",lookup:DFT-surface-OptB88vdW:jarvis_surfacedb,,,,,
layer,TiO2,3.165,-6.7950401839532,-3.6300401839532004,"lookup:experiment:borlido_expt,expt_gap,expt_gap_kingsbury,foundry_ml_exp_bandgaps",model:lightgbm_delta_cbm,,,,,
layer,SnO2,3.6,-7.4389594471141045,-3.838959447114104,"lookup:experiment:borlido_expt,expt_gap,expt_gap_kingsbury,foundry_ml_exp_bandgaps",model:lightgbm_delta_cbm,,,,,
layer,NiO,4.0,-7.138985554126876,-3.1389855541268754,"lookup:experiment:expt_gap,expt_gap_kingsbury",model:lightgbm_delta_cbm,,,,,
layer,Cu2O,2.17,-4.383676457168741,-2.213676457168741,"lookup:experiment:borlido_expt,expt_gap,expt_gap_kingsbury,foundry_ml_exp_bandgaps",model:lightgbm_delta_cbm,,,,,
layer,CuI,3.12,-4.993835966457444,-1.8738359664574435,"lookup:experiment:borlido_expt,expt_gap,foundry_ml_exp_bandgaps",lookup:DFT-surface-OptB88vdW:jarvis_surfacedb,,,,,
layer,MoO3,3.68,-7.498263349585191,-3.81826334958519,lookup:experiment:expt_gap,model:lightgbm_delta_cbm,,,,,
layer,WO3,2.8,-7.284236468744916,-4.484236468744916,"lookup:experiment:expt_gap,foundry_ml_exp_bandgaps",model:lightgbm_delta_cbm,,,,,
layer,In2O3,2.8,-6.402910514311126,-3.6029105143111257,"lookup:experiment:expt_gap,expt_gap_kingsbury,foundry_ml_exp_bandgaps",model:lightgbm_delta_cbm,,,,,
layer,Ga2O3,4.470000000000001,-6.945369382583566,-2.475369382583565,lookup:experiment:expt_gap,model:lightgbm_delta_cbm,,,,,
layer,MAPbI3,2.64,-7.896713360936378,-5.256713360936377,lookup:HSE06:jarvis_halide_perovskites,model:lightgbm_delta_cbm,,,,,
layer,FAPbI3,2.81,-8.049914020638145,-5.239914020638145,lookup:HSE06:jarvis_halide_perovskites,model:lightgbm_delta_cbm,,,,,
layer,CsPbI3,2.215,-2.9086793489754577,-0.6936793489754578,lookup:experiment:foundry_ml_exp_bandgaps,model:lightgbm_delta_cbm,,,,,
layer,CsPbBr3,2.32,-4.2781967886128065,-1.9581967886128067,"lookup:experiment:borlido_expt,foundry_ml_exp_bandgaps",model:lightgbm_delta_cbm,,,,,
layer,Cs2AgBiBr6,2.19,-3.2829221957664623,-1.0929221957664623,"lookup:experiment:borlido_expt,expt_gap,expt_gap_kingsbury,foundry_ml_exp_bandgaps",model:lightgbm_delta_cbm,,,,,
layer,CsSnI3,1.31,-2.40677022724903,-1.09677022724903,"lookup:experiment:borlido_expt,foundry_ml_exp_bandgaps",model:lightgbm_delta_cbm,,,,,
layer,CuInSe2,1.04,-1.451655867658249,-0.4116558676582489,"lookup:experiment:borlido_expt,expt_gap,foundry_ml_exp_bandgaps",model:lightgbm_delta_cbm,,,,,
layer,Cu2ZnSnS4,1.51,-4.230312365897937,-2.7203123658979376,lookup:experiment:borlido_expt,model:lightgbm_delta_cbm,,,,,
layer,Sb2Se3,1.11,-3.3585841759600026,-2.2485841759600027,"lookup:experiment:borlido_expt,expt_gap,foundry_ml_exp_bandgaps",model:lightgbm_delta_cbm,,,,,
layer,MoS2,1.23,-4.712490538202818,-3.482490538202818,lookup:experiment:borlido_expt,model:lightgbm_delta_cbm,,,,,
layer,V2O5,2.3499999999999996,-6.664717590604404,-4.314717590604404,lookup:experiment:expt_gap,model:lightgbm_delta_cbm,,,,,
junction,Si|GaAs,,,,,,I,0.09946475746548877,0.2505352425345113,True,"interface DFT (JARVIS, 2 calculation(s))"
junction,TiO2|MAPbI3,,,,,,II,-1.6266731769831773,1.1016731769831773,False,vacuum alignment of the two layers
junction,MAPbI3|NiO,,,,,,II,2.117727806809502,-0.7577278068095019,False,vacuum alignment of the two layers
junction,SnO2|MAPbI3,,,,,,II,-1.4177539138222732,0.45775391382227326,True,vacuum alignment of the two layers
junction,CdS|CdTe,,,,,,II,0.9991687660776112,-1.9991687660776112,False,vacuum alignment of the two layers
junction,ZnO|Cu2O,,,,,,III,2.9165667924403365,-4.1865667924403365,False,vacuum alignment of the two layers
junction,TiO2|CsPbBr3,,,,,,II,1.6718433953403933,-2.516843395340394,False,vacuum alignment of the two layers
junction,CdS|CuInSe2,,,,,,III,5.7276501732144744,-7.167650173214475,False,vacuum alignment of the two layers
junction,ZnO|CdTe,,,,,,I,-0.00989402518603466,-1.9501059748139653,True,vacuum alignment of the two layers
junction,GaN|ZnO,,,,,,II,-0.45909606609763287,0.3990960660976328,False,"interface DFT (JARVIS, 3 calculation(s))"
