formula,name,source,gap_ev,rule,reason,reference
,GaAs0.1P0.9G1128,Zhuo 2018,1.22,R1,formula could not be read,"Zhuo et al., J. Phys. Chem. Lett. 9, 1668 (2018)"
Al3Tc,Al3Tc,Zhuo 2018,0.0,R2,"contains a radioactive element (Tc, Pm, actinides): not device-relevant","Zhuo et al., J. Phys. Chem. Lett. 9, 1668 (2018)"
Al6Tc,Al6Tc,Zhuo 2018,0.0,R2,"contains a radioactive element (Tc, Pm, actinides): not device-relevant","Zhuo et al., J. Phys. Chem. Lett. 9, 1668 (2018)"
Ba2ThCu2Se5,Ba2Cu2ThSe5,Zhuo 2018,1.75,R2,"contains a radioactive element (Tc, Pm, actinides): not device-relevant","Zhuo et al., J. Phys. Chem. Lett. 9, 1668 (2018)"
Ba2ThCu2Se5,Ba2Cu2ThSe5,Borlido 2019,1.75,R2,"contains a radioactive element (Tc, Pm, actinides): not device-relevant","Borlido et al., JCTC 15, 5069 (2019); measurement doi:10.1021/acs.inorgchem.6b01202"
Ba2UCuO6,Ba2UCuO6,Zhuo 2018,0.0,R2,"contains a radioactive element (Tc, Pm, actinides): not device-relevant","Zhuo et al., J. Phys. Chem. Lett. 9, 1668 (2018)"
Ba3ThSe7,Ba3ThSe7,Zhuo 2018,1.96,R2,"contains a radioactive element (Tc, Pm, actinides): not device-relevant","Zhuo et al., J. Phys. Chem. Lett. 9, 1668 (2018)"
Ba3ThSe7,Ba3ThSe7,Borlido 2019,1.96,R2,"contains a radioactive element (Tc, Pm, actinides): not device-relevant","Borlido et al., JCTC 15, 5069 (2019); measurement doi:10.1016/j.jssc.2015.08.012"
BaTh3,BaTh3,Zhuo 2018,0.0,R2,"contains a radioactive element (Tc, Pm, actinides): not device-relevant","Zhuo et al., J. Phys. Chem. Lett. 9, 1668 (2018)"
BaUSe3,BaUSe3,Zhuo 2018,1.0,R2,"contains a radioactive element (Tc, Pm, actinides): not device-relevant","Zhuo et al., J. Phys. Chem. Lett. 9, 1668 (2018)"
BeTcSe,BeTcSe,Zhuo 2018,0.0,R2,"contains a radioactive element (Tc, Pm, actinides): not device-relevant","Zhuo et al., J. Phys. Chem. Lett. 9, 1668 (2018)"
Ce8U2O21,Ce8U2O21,Zhuo 2018,0.0,R2,"contains a radioactive element (Tc, Pm, actinides): not device-relevant","Zhuo et al., J. Phys. Chem. Lett. 9, 1668 (2018)"
Cs2Th(PS3)3,Cs4Th2P6S18,Zhuo 2018,2.8,R2,"contains a radioactive element (Tc, Pm, actinides): not device-relevant","Zhuo et al., J. Phys. Chem. Lett. 9, 1668 (2018)"
CsUCuS3,CsUCuS3,Zhuo 2018,0.0,R2,"contains a radioactive element (Tc, Pm, actinides): not device-relevant","Zhuo et al., J. Phys. Chem. Lett. 9, 1668 (2018)"
GaTc,GaTc,Zhuo 2018,1.42,R2,"contains a radioactive element (Tc, Pm, actinides): not device-relevant","Zhuo et al., J. Phys. Chem. Lett. 9, 1668 (2018)"
GaTc2W,GaTc2W,Zhuo 2018,0.0,R2,"contains a radioactive element (Tc, Pm, actinides): not device-relevant","Zhuo et al., J. Phys. Chem. Lett. 9, 1668 (2018)"
HfTc,HfTc,Zhuo 2018,0.0,R2,"contains a radioactive element (Tc, Pm, actinides): not device-relevant","Zhuo et al., J. Phys. Chem. Lett. 9, 1668 (2018)"
HoTh3,HoTh3,Zhuo 2018,0.0,R2,"contains a radioactive element (Tc, Pm, actinides): not device-relevant","Zhuo et al., J. Phys. Chem. Lett. 9, 1668 (2018)"
K2Th(CuS2)2,K2Cu2ThS4,Zhuo 2018,2.17,R2,"contains a radioactive element (Tc, Pm, actinides): not device-relevant","Zhuo et al., J. Phys. Chem. Lett. 9, 1668 (2018)"
K3Th2Cu3S7,K3Cu3Th2S7,Zhuo 2018,2.49,R2,"contains a radioactive element (Tc, Pm, actinides): not device-relevant","Zhuo et al., J. Phys. Chem. Lett. 9, 1668 (2018)"
K3UF3,K3UF3,Zhuo 2018,0.0,R2,"contains a radioactive element (Tc, Pm, actinides): not device-relevant","Zhuo et al., J. Phys. Chem. Lett. 9, 1668 (2018)"
KThCuS3,KCuThS3,Zhuo 2018,2.95,R2,"contains a radioactive element (Tc, Pm, actinides): not device-relevant","Zhuo et al., J. Phys. Chem. Lett. 9, 1668 (2018)"
KThCuS3,KCuThS3,Borlido 2019,2.95,R2,"contains a radioactive element (Tc, Pm, actinides): not device-relevant","Borlido et al., JCTC 15, 5069 (2019); measurement doi:10.1021/ic050561x"
KUClO3,KUO3Cl,Zhuo 2018,2.37,R2,"contains a radioactive element (Tc, Pm, actinides): not device-relevant","Zhuo et al., J. Phys. Chem. Lett. 9, 1668 (2018)"
KUCuSe3,KUCuSe3,Zhuo 2018,0.0,R2,"contains a radioactive element (Tc, Pm, actinides): not device-relevant","Zhuo et al., J. Phys. Chem. Lett. 9, 1668 (2018)"
Li2PmAl,PmLi2Al,Zhuo 2018,0.0,R2,"contains a radioactive element (Tc, Pm, actinides): not device-relevant","Zhuo et al., J. Phys. Chem. Lett. 9, 1668 (2018)"
Li2PmGe,PmLi2Ge,Zhuo 2018,0.0,R2,"contains a radioactive element (Tc, Pm, actinides): not device-relevant","Zhuo et al., J. Phys. Chem. Lett. 9, 1668 (2018)"
Li2U(MoO5)2,Li2U(MoO5)2,Zhuo 2018,0.0,R2,"contains a radioactive element (Tc, Pm, actinides): not device-relevant","Zhuo et al., J. Phys. Chem. Lett. 9, 1668 (2018)"
LiAl2Tc,LiAl2Tc,Zhuo 2018,0.0,R2,"contains a radioactive element (Tc, Pm, actinides): not device-relevant","Zhuo et al., J. Phys. Chem. Lett. 9, 1668 (2018)"
LiLu2Tc,LiLu2Tc,Zhuo 2018,0.0,R2,"contains a radioactive element (Tc, Pm, actinides): not device-relevant","Zhuo et al., J. Phys. Chem. Lett. 9, 1668 (2018)"
LiPm2Al,Pm2LiAl,Zhuo 2018,0.0,R2,"contains a radioactive element (Tc, Pm, actinides): not device-relevant","Zhuo et al., J. Phys. Chem. Lett. 9, 1668 (2018)"
LiPm2Ga,Pm2LiGa,Zhuo 2018,0.0,R2,"contains a radioactive element (Tc, Pm, actinides): not device-relevant","Zhuo et al., J. Phys. Chem. Lett. 9, 1668 (2018)"
LiPm2Ir,Pm2LiIr,Zhuo 2018,0.0,R2,"contains a radioactive element (Tc, Pm, actinides): not device-relevant","Zhuo et al., J. Phys. Chem. Lett. 9, 1668 (2018)"
LiPm2Si,Pm2LiSi,Zhuo 2018,0.0,R2,"contains a radioactive element (Tc, Pm, actinides): not device-relevant","Zhuo et al., J. Phys. Chem. Lett. 9, 1668 (2018)"
LiThAu2,LiThAu2,Zhuo 2018,0.0,R2,"contains a radioactive element (Tc, Pm, actinides): not device-relevant","Zhuo et al., J. Phys. Chem. Lett. 9, 1668 (2018)"
Lu2AlTc,Lu2AlTc,Zhuo 2018,0.0,R2,"contains a radioactive element (Tc, Pm, actinides): not device-relevant","Zhuo et al., J. Phys. Chem. Lett. 9, 1668 (2018)"
LuU2S3O2,LuU2S3O2,Zhuo 2018,0.0,R2,"contains a radioactive element (Tc, Pm, actinides): not device-relevant","Zhuo et al., J. Phys. Chem. Lett. 9, 1668 (2018)"
LuUO3,LuUO3,Zhuo 2018,0.0,R2,"contains a radioactive element (Tc, Pm, actinides): not device-relevant","Zhuo et al., J. Phys. Chem. Lett. 9, 1668 (2018)"
Mg2TcO4,Mg2TcO4,Zhuo 2018,0.0,R2,"contains a radioactive element (Tc, Pm, actinides): not device-relevant","Zhuo et al., J. Phys. Chem. Lett. 9, 1668 (2018)"
MnTcOs,MnTcOs,Zhuo 2018,0.0,R2,"contains a radioactive element (Tc, Pm, actinides): not device-relevant","Zhuo et al., J. Phys. Chem. Lett. 9, 1668 (2018)"
Na2UI6,Na2UI6,Zhuo 2018,0.0,R2,"contains a radioactive element (Tc, Pm, actinides): not device-relevant","Zhuo et al., J. Phys. Chem. Lett. 9, 1668 (2018)"
Na3UF7,Na3UF7,Zhuo 2018,0.0,R2,"contains a radioactive element (Tc, Pm, actinides): not device-relevant","Zhuo et al., J. Phys. Chem. Lett. 9, 1668 (2018)"
Pm2CuGe,Pm2CuGe,Zhuo 2018,0.0,R2,"contains a radioactive element (Tc, Pm, actinides): not device-relevant","Zhuo et al., J. Phys. Chem. Lett. 9, 1668 (2018)"
Pm2IrRh,Pm2IrRh,Zhuo 2018,0.0,R2,"contains a radioactive element (Tc, Pm, actinides): not device-relevant","Zhuo et al., J. Phys. Chem. Lett. 9, 1668 (2018)"
Pm2NiRh,Pm2NiRh,Zhuo 2018,0.0,R2,"contains a radioactive element (Tc, Pm, actinides): not device-relevant","Zhuo et al., J. Phys. Chem. Lett. 9, 1668 (2018)"
Pm2PtAu,Pm2PtAu,Zhuo 2018,0.0,R2,"contains a radioactive element (Tc, Pm, actinides): not device-relevant","Zhuo et al., J. Phys. Chem. Lett. 9, 1668 (2018)"
Pm3I,Pm3I,Zhuo 2018,0.0,R2,"contains a radioactive element (Tc, Pm, actinides): not device-relevant","Zhuo et al., J. Phys. Chem. Lett. 9, 1668 (2018)"
PmCd3,PmCd3,Zhuo 2018,0.0,R2,"contains a radioactive element (Tc, Pm, actinides): not device-relevant","Zhuo et al., J. Phys. Chem. Lett. 9, 1668 (2018)"
PmCdPd2,PmCdPd2,Zhuo 2018,0.0,R2,"contains a radioactive element (Tc, Pm, actinides): not device-relevant","Zhuo et al., J. Phys. Chem. Lett. 9, 1668 (2018)"
PmDy3,PmDy3,Zhuo 2018,0.0,R2,"contains a radioactive element (Tc, Pm, actinides): not device-relevant","Zhuo et al., J. Phys. Chem. Lett. 9, 1668 (2018)"
PmGaAu2,PmGaAu2,Zhuo 2018,0.0,R2,"contains a radioactive element (Tc, Pm, actinides): not device-relevant","Zhuo et al., J. Phys. Chem. Lett. 9, 1668 (2018)"
PmHgAu2,PmHgAu2,Zhuo 2018,0.0,R2,"contains a radioactive element (Tc, Pm, actinides): not device-relevant","Zhuo et al., J. Phys. Chem. Lett. 9, 1668 (2018)"
PmMgAu2,PmMgAu2,Zhuo 2018,0.0,R2,"contains a radioactive element (Tc, Pm, actinides): not device-relevant","Zhuo et al., J. Phys. Chem. Lett. 9, 1668 (2018)"
PmMgCd2,PmMgCd2,Zhuo 2018,0.0,R2,"contains a radioactive element (Tc, Pm, actinides): not device-relevant","Zhuo et al., J. Phys. Chem. Lett. 9, 1668 (2018)"
PmMgRh2,PmMgRh2,Zhuo 2018,0.0,R2,"contains a radioactive element (Tc, Pm, actinides): not device-relevant","Zhuo et al., J. Phys. Chem. Lett. 9, 1668 (2018)"
PmSbRh2,PmSbRh2,Zhuo 2018,0.0,R2,"contains a radioactive element (Tc, Pm, actinides): not device-relevant","Zhuo et al., J. Phys. Chem. Lett. 9, 1668 (2018)"
PmSnRh2,PmSnRh2,Zhuo 2018,0.0,R2,"contains a radioactive element (Tc, Pm, actinides): not device-relevant","Zhuo et al., J. Phys. Chem. Lett. 9, 1668 (2018)"
Rb7Th2(P2Se7)3,Rb7Th2P6Se21,Zhuo 2018,2.07,R2,"contains a radioactive element (Tc, Pm, actinides): not device-relevant","Zhuo et al., J. Phys. Chem. Lett. 9, 1668 (2018)"
RbU2SbS8,RbU2SbS8,Zhuo 2018,0.0,R2,"contains a radioactive element (Tc, Pm, actinides): not device-relevant","Zhuo et al., J. Phys. Chem. Lett. 9, 1668 (2018)"
RbUAgS3,RbUAgS3,Zhuo 2018,0.0,R2,"contains a radioactive element (Tc, Pm, actinides): not device-relevant","Zhuo et al., J. Phys. Chem. Lett. 9, 1668 (2018)"
Sc2TlTc,Sc2TlTc,Zhuo 2018,0.0,R2,"contains a radioactive element (Tc, Pm, actinides): not device-relevant","Zhuo et al., J. Phys. Chem. Lett. 9, 1668 (2018)"
Sm4U4O17,Sm4U4O17,Zhuo 2018,0.0,R2,"contains a radioactive element (Tc, Pm, actinides): not device-relevant","Zhuo et al., J. Phys. Chem. Lett. 9, 1668 (2018)"
SmTh3,SmTh3,Zhuo 2018,0.0,R2,"contains a radioactive element (Tc, Pm, actinides): not device-relevant","Zhuo et al., J. Phys. Chem. Lett. 9, 1668 (2018)"
SrTh(PS4)2,SrThP2S8,Zhuo 2018,3.02,R2,"contains a radioactive element (Tc, Pm, actinides): not device-relevant","Zhuo et al., J. Phys. Chem. Lett. 9, 1668 (2018)"
SrUS2,SrUS2,Zhuo 2018,0.0,R2,"contains a radioactive element (Tc, Pm, actinides): not device-relevant","Zhuo et al., J. Phys. Chem. Lett. 9, 1668 (2018)"
Tc3Pd,Tc3Pd,Zhuo 2018,0.0,R2,"contains a radioactive element (Tc, Pm, actinides): not device-relevant","Zhuo et al., J. Phys. Chem. Lett. 9, 1668 (2018)"
TcB,TcB,Zhuo 2018,0.0,R2,"contains a radioactive element (Tc, Pm, actinides): not device-relevant","Zhuo et al., J. Phys. Chem. Lett. 9, 1668 (2018)"
TcS2,TcS2,Zhuo 2018,1.0,R2,"contains a radioactive element (Tc, Pm, actinides): not device-relevant","Zhuo et al., J. Phys. Chem. Lett. 9, 1668 (2018)"
TcSe2,TcSe2,Zhuo 2018,0.88,R2,"contains a radioactive element (Tc, Pm, actinides): not device-relevant","Zhuo et al., J. Phys. Chem. Lett. 9, 1668 (2018)"
Th(Al2Fe)4,ThAl8Fe4,Zhuo 2018,0.0,R2,"contains a radioactive element (Tc, Pm, actinides): not device-relevant","Zhuo et al., J. Phys. Chem. Lett. 9, 1668 (2018)"
Th(Al5Fe)2,ThAl10Fe2,Zhuo 2018,0.0,R2,"contains a radioactive element (Tc, Pm, actinides): not device-relevant","Zhuo et al., J. Phys. Chem. Lett. 9, 1668 (2018)"
Th(FeGe)2,ThFe2Ge2,Zhuo 2018,0.0,R2,"contains a radioactive element (Tc, Pm, actinides): not device-relevant","Zhuo et al., J. Phys. Chem. Lett. 9, 1668 (2018)"
Th(FeSi)2,ThFe2Si2,Zhuo 2018,0.0,R2,"contains a radioactive element (Tc, Pm, actinides): not device-relevant","Zhuo et al., J. Phys. Chem. Lett. 9, 1668 (2018)"
Th(GePd)2,ThGe2Pd2,Zhuo 2018,0.0,R2,"contains a radioactive element (Tc, Pm, actinides): not device-relevant","Zhuo et al., J. Phys. Chem. Lett. 9, 1668 (2018)"
Th(MnGe)2,ThMn2Ge2,Zhuo 2018,0.0,R2,"contains a radioactive element (Tc, Pm, actinides): not device-relevant","Zhuo et al., J. Phys. Chem. Lett. 9, 1668 (2018)"
Th(SiRu)2,ThSi2Ru2,Zhuo 2018,0.0,R2,"contains a radioactive element (Tc, Pm, actinides): not device-relevant","Zhuo et al., J. Phys. Chem. Lett. 9, 1668 (2018)"
Th2CrN3,Th2CrN3,Zhuo 2018,0.0,R2,"contains a radioactive element (Tc, Pm, actinides): not device-relevant","Zhuo et al., J. Phys. Chem. Lett. 9, 1668 (2018)"
Th2Fe7,Th2Fe7,Zhuo 2018,0.0,R2,"contains a radioactive element (Tc, Pm, actinides): not device-relevant","Zhuo et al., J. Phys. Chem. Lett. 9, 1668 (2018)"
Th2GeSe2,Th2GeSe2,Zhuo 2018,1.98,R2,"contains a radioactive element (Tc, Pm, actinides): not device-relevant","Zhuo et al., J. Phys. Chem. Lett. 9, 1668 (2018)"
Th2In,Th2In,Zhuo 2018,0.0,R2,"contains a radioactive element (Tc, Pm, actinides): not device-relevant","Zhuo et al., J. Phys. Chem. Lett. 9, 1668 (2018)"
Th2Se5,Th2Se5,Zhuo 2018,0.37,R2,"contains a radioactive element (Tc, Pm, actinides): not device-relevant","Zhuo et al., J. Phys. Chem. Lett. 9, 1668 (2018)"
Th3B2C3,Th3B2C3,Zhuo 2018,0.0,R2,"contains a radioactive element (Tc, Pm, actinides): not device-relevant","Zhuo et al., J. Phys. Chem. Lett. 9, 1668 (2018)"
Th6Mg23,Th6Mg23,Zhuo 2018,0.0,R2,"contains a radioactive element (Tc, Pm, actinides): not device-relevant","Zhuo et al., J. Phys. Chem. Lett. 9, 1668 (2018)"
ThAl,ThAl,Zhuo 2018,0.0,R2,"contains a radioactive element (Tc, Pm, actinides): not device-relevant","Zhuo et al., J. Phys. Chem. Lett. 9, 1668 (2018)"
ThAl3,ThAl3,Zhuo 2018,0.0,R2,"contains a radioactive element (Tc, Pm, actinides): not device-relevant","Zhuo et al., J. Phys. Chem. Lett. 9, 1668 (2018)"
ThAsSe,ThAsSe,Zhuo 2018,0.0,R2,"contains a radioactive element (Tc, Pm, actinides): not device-relevant","Zhuo et al., J. Phys. Chem. Lett. 9, 1668 (2018)"
ThBi2,ThBi2,Zhuo 2018,0.0,R2,"contains a radioactive element (Tc, Pm, actinides): not device-relevant","Zhuo et al., J. Phys. Chem. Lett. 9, 1668 (2018)"
ThCrB4,ThCrB4,Zhuo 2018,0.0,R2,"contains a radioactive element (Tc, Pm, actinides): not device-relevant","Zhuo et al., J. Phys. Chem. Lett. 9, 1668 (2018)"
ThFe2SiC,ThFe2SiC,Zhuo 2018,0.0,R2,"contains a radioactive element (Tc, Pm, actinides): not device-relevant","Zhuo et al., J. Phys. Chem. Lett. 9, 1668 (2018)"
ThHg2,ThHg2,Zhuo 2018,0.0,R2,"contains a radioactive element (Tc, Pm, actinides): not device-relevant","Zhuo et al., J. Phys. Chem. Lett. 9, 1668 (2018)"
ThIr5,ThIr5,Zhuo 2018,0.0,R2,"contains a radioactive element (Tc, Pm, actinides): not device-relevant","Zhuo et al., J. Phys. Chem. Lett. 9, 1668 (2018)"
ThMn4(CuO4)3,ThMn4(CuO4)3,Zhuo 2018,0.0,R2,"contains a radioactive element (Tc, Pm, actinides): not device-relevant","Zhuo et al., J. Phys. Chem. Lett. 9, 1668 (2018)"
ThO2,ThO2,Zhuo 2018,3.5,R2,"contains a radioactive element (Tc, Pm, actinides): not device-relevant","Zhuo et al., J. Phys. Chem. Lett. 9, 1668 (2018)"
ThO2,ThO2,Zhuo 2018,3.3,R2,"contains a radioactive element (Tc, Pm, actinides): not device-relevant","Zhuo et al., J. Phys. Chem. Lett. 9, 1668 (2018)"
ThO2,ThO2,Borlido 2019,5.9,R2,"contains a radioactive element (Tc, Pm, actinides): not device-relevant","Borlido et al., JCTC 15, 5069 (2019); measurement doi:10.1016/S0020-1693(99)00597-6"
ThPSe,ThPSe,Zhuo 2018,0.0,R2,"contains a radioactive element (Tc, Pm, actinides): not device-relevant","Zhuo et al., J. Phys. Chem. Lett. 9, 1668 (2018)"
ThPd3,ThPd3,Zhuo 2018,0.0,R2,"contains a radioactive element (Tc, Pm, actinides): not device-relevant","Zhuo et al., J. Phys. Chem. Lett. 9, 1668 (2018)"
ThRh2,ThRh2,Zhuo 2018,0.0,R2,"contains a radioactive element (Tc, Pm, actinides): not device-relevant","Zhuo et al., J. Phys. Chem. Lett. 9, 1668 (2018)"
ThRu3C,ThRu3C,Zhuo 2018,0.0,R2,"contains a radioactive element (Tc, Pm, actinides): not device-relevant","Zhuo et al., J. Phys. Chem. Lett. 9, 1668 (2018)"
ThS,ThS,Zhuo 2018,0.0,R2,"contains a radioactive element (Tc, Pm, actinides): not device-relevant","Zhuo et al., J. Phys. Chem. Lett. 9, 1668 (2018)"
ThSO,ThOS,Zhuo 2018,2.22,R2,"contains a radioactive element (Tc, Pm, actinides): not device-relevant","Zhuo et al., J. Phys. Chem. Lett. 9, 1668 (2018)"
ThSO,ThOS,Borlido 2019,2.22,R2,"contains a radioactive element (Tc, Pm, actinides): not device-relevant","Borlido et al., JCTC 15, 5069 (2019); measurement doi:10.1021/ic300510x"
ThSeO,ThOSe,Zhuo 2018,1.65,R2,"contains a radioactive element (Tc, Pm, actinides): not device-relevant","Zhuo et al., J. Phys. Chem. Lett. 9, 1668 (2018)"
ThSeO,ThOSe,Borlido 2019,1.65,R2,"contains a radioactive element (Tc, Pm, actinides): not device-relevant","Borlido et al., JCTC 15, 5069 (2019); measurement doi:10.1021/ic300510x"
ThSi,ThSi,Zhuo 2018,0.0,R2,"contains a radioactive element (Tc, Pm, actinides): not device-relevant","Zhuo et al., J. Phys. Chem. Lett. 9, 1668 (2018)"
ThSi2Ru3,ThSi2Ru3,Zhuo 2018,0.0,R2,"contains a radioactive element (Tc, Pm, actinides): not device-relevant","Zhuo et al., J. Phys. Chem. Lett. 9, 1668 (2018)"
ThTeO,ThOTe,Zhuo 2018,1.45,R2,"contains a radioactive element (Tc, Pm, actinides): not device-relevant","Zhuo et al., J. Phys. Chem. Lett. 9, 1668 (2018)"
ThTeO,ThOTe,Borlido 2019,1.46,R2,"contains a radioactive element (Tc, Pm, actinides): not device-relevant","Borlido et al., JCTC 15, 5069 (2019); measurement doi:10.1021/ic300510x"
ThU8O18,ThU8O18,Zhuo 2018,0.0,R2,"contains a radioactive element (Tc, Pm, actinides): not device-relevant","Zhuo et al., J. Phys. Chem. Lett. 9, 1668 (2018)"
Ti2TcNi,Ti2TcNi,Zhuo 2018,0.0,R2,"contains a radioactive element (Tc, Pm, actinides): not device-relevant","Zhuo et al., J. Phys. Chem. Lett. 9, 1668 (2018)"
Ti2TcPd,Ti2TcPd,Zhuo 2018,0.0,R2,"contains a radioactive element (Tc, Pm, actinides): not device-relevant","Zhuo et al., J. Phys. Chem. Lett. 9, 1668 (2018)"
TiTc2Sb,TiTc2Sb,Zhuo 2018,0.0,R2,"contains a radioactive element (Tc, Pm, actinides): not device-relevant","Zhuo et al., J. Phys. Chem. Lett. 9, 1668 (2018)"
TlZn2Tc,TlZn2Tc,Zhuo 2018,0.0,R2,"contains a radioactive element (Tc, Pm, actinides): not device-relevant","Zhuo et al., J. Phys. Chem. Lett. 9, 1668 (2018)"
Tm2CuTc,Tm2TcCu,Zhuo 2018,0.0,R2,"contains a radioactive element (Tc, Pm, actinides): not device-relevant","Zhuo et al., J. Phys. Chem. Lett. 9, 1668 (2018)"
TmThRu2,TmThRu2,Zhuo 2018,0.0,R2,"contains a radioactive element (Tc, Pm, actinides): not device-relevant","Zhuo et al., J. Phys. Chem. Lett. 9, 1668 (2018)"
TmU2S3O2,TmU2S3O2,Zhuo 2018,0.0,R2,"contains a radioactive element (Tc, Pm, actinides): not device-relevant","Zhuo et al., J. Phys. Chem. Lett. 9, 1668 (2018)"
U(Al2Fe)4,UAl8Fe4,Zhuo 2018,0.0,R2,"contains a radioactive element (Tc, Pm, actinides): not device-relevant","Zhuo et al., J. Phys. Chem. Lett. 9, 1668 (2018)"
U(BH4)4,UB4H16,Zhuo 2018,0.0,R2,"contains a radioactive element (Tc, Pm, actinides): not device-relevant","Zhuo et al., J. Phys. Chem. Lett. 9, 1668 (2018)"
U(CoGe)2,UCo2Ge2,Zhuo 2018,0.0,R2,"contains a radioactive element (Tc, Pm, actinides): not device-relevant","Zhuo et al., J. Phys. Chem. Lett. 9, 1668 (2018)"
U(CrC)4,UCr4C4,Zhuo 2018,0.0,R2,"contains a radioactive element (Tc, Pm, actinides): not device-relevant","Zhuo et al., J. Phys. Chem. Lett. 9, 1668 (2018)"
U(CuP)2,UCu2P2,Zhuo 2018,0.0,R2,"contains a radioactive element (Tc, Pm, actinides): not device-relevant","Zhuo et al., J. Phys. Chem. Lett. 9, 1668 (2018)"
U(MnSi)2,UMn2Si2,Zhuo 2018,0.0,R2,"contains a radioactive element (Tc, Pm, actinides): not device-relevant","Zhuo et al., J. Phys. Chem. Lett. 9, 1668 (2018)"
U(SiNi)2,USi2Ni2,Zhuo 2018,0.0,R2,"contains a radioactive element (Tc, Pm, actinides): not device-relevant","Zhuo et al., J. Phys. Chem. Lett. 9, 1668 (2018)"
U11O5,U11O5,Zhuo 2018,0.0,R2,"contains a radioactive element (Tc, Pm, actinides): not device-relevant","Zhuo et al., J. Phys. Chem. Lett. 9, 1668 (2018)"
U2(Co7B2)3,U2Co21B6,Zhuo 2018,0.0,R2,"contains a radioactive element (Tc, Pm, actinides): not device-relevant","Zhuo et al., J. Phys. Chem. Lett. 9, 1668 (2018)"
U2Al3C4,U2Al3C4,Zhuo 2018,0.0,R2,"contains a radioactive element (Tc, Pm, actinides): not device-relevant","Zhuo et al., J. Phys. Chem. Lett. 9, 1668 (2018)"
U2AlCo2,U2AlCo2,Zhuo 2018,0.0,R2,"contains a radioactive element (Tc, Pm, actinides): not device-relevant","Zhuo et al., J. Phys. Chem. Lett. 9, 1668 (2018)"
U2AlCo3,U2AlCo3,Zhuo 2018,0.0,R2,"contains a radioactive element (Tc, Pm, actinides): not device-relevant","Zhuo et al., J. Phys. Chem. Lett. 9, 1668 (2018)"
U2Cl5O2,U2Cl5O2,Zhuo 2018,0.0,R2,"contains a radioactive element (Tc, Pm, actinides): not device-relevant","Zhuo et al., J. Phys. Chem. Lett. 9, 1668 (2018)"
U2Cr30P19,U2Cr30P19,Zhuo 2018,0.0,R2,"contains a radioactive element (Tc, Pm, actinides): not device-relevant","Zhuo et al., J. Phys. Chem. Lett. 9, 1668 (2018)"
U2Cu2As3O,U2Cu2As3O,Zhuo 2018,0.0,R2,"contains a radioactive element (Tc, Pm, actinides): not device-relevant","Zhuo et al., J. Phys. Chem. Lett. 9, 1668 (2018)"
U2MnN3,U2MnN3,Zhuo 2018,0.0,R2,"contains a radioactive element (Tc, Pm, actinides): not device-relevant","Zhuo et al., J. Phys. Chem. Lett. 9, 1668 (2018)"
U2Re2C3,U2Re2C3,Zhuo 2018,0.0,R2,"contains a radioactive element (Tc, Pm, actinides): not device-relevant","Zhuo et al., J. Phys. Chem. Lett. 9, 1668 (2018)"
U2SnRh2,U2SnRh2,Zhuo 2018,0.0,R2,"contains a radioactive element (Tc, Pm, actinides): not device-relevant","Zhuo et al., J. Phys. Chem. Lett. 9, 1668 (2018)"
U2TeN2,U2TeN2,Zhuo 2018,0.0,R2,"contains a radioactive element (Tc, Pm, actinides): not device-relevant","Zhuo et al., J. Phys. Chem. Lett. 9, 1668 (2018)"
U2Ti,U2Ti,Zhuo 2018,0.0,R2,"contains a radioactive element (Tc, Pm, actinides): not device-relevant","Zhuo et al., J. Phys. Chem. Lett. 9, 1668 (2018)"
U2Zn17,U2Zn17,Zhuo 2018,0.0,R2,"contains a radioactive element (Tc, Pm, actinides): not device-relevant","Zhuo et al., J. Phys. Chem. Lett. 9, 1668 (2018)"
U3Bi4,U3Bi4,Zhuo 2018,0.0,R2,"contains a radioactive element (Tc, Pm, actinides): not device-relevant","Zhuo et al., J. Phys. Chem. Lett. 9, 1668 (2018)"
U3Cu2Se7,U3Cu2Se7,Zhuo 2018,0.0,R2,"contains a radioactive element (Tc, Pm, actinides): not device-relevant","Zhuo et al., J. Phys. Chem. Lett. 9, 1668 (2018)"
U3Nb,U3Nb,Zhuo 2018,0.0,R2,"contains a radioactive element (Tc, Pm, actinides): not device-relevant","Zhuo et al., J. Phys. Chem. Lett. 9, 1668 (2018)"
U3Ni3Sn4,U3Ni3Sn4,Zhuo 2018,0.0,R2,"contains a radioactive element (Tc, Pm, actinides): not device-relevant","Zhuo et al., J. Phys. Chem. Lett. 9, 1668 (2018)"
U3Se4,U3Se4,Zhuo 2018,0.0,R2,"contains a radioactive element (Tc, Pm, actinides): not device-relevant","Zhuo et al., J. Phys. Chem. Lett. 9, 1668 (2018)"
U4N7,U4N7,Zhuo 2018,0.0,R2,"contains a radioactive element (Tc, Pm, actinides): not device-relevant","Zhuo et al., J. Phys. Chem. Lett. 9, 1668 (2018)"
U4Re7Si6,U4Re7Si6,Zhuo 2018,0.0,R2,"contains a radioactive element (Tc, Pm, actinides): not device-relevant","Zhuo et al., J. Phys. Chem. Lett. 9, 1668 (2018)"
U4S3,U4S3,Zhuo 2018,0.0,R2,"contains a radioactive element (Tc, Pm, actinides): not device-relevant","Zhuo et al., J. Phys. Chem. Lett. 9, 1668 (2018)"
U5Ge3,U5Ge3,Zhuo 2018,0.0,R2,"contains a radioactive element (Tc, Pm, actinides): not device-relevant","Zhuo et al., J. Phys. Chem. Lett. 9, 1668 (2018)"
U6Co,U6Co,Zhuo 2018,0.0,R2,"contains a radioactive element (Tc, Pm, actinides): not device-relevant","Zhuo et al., J. Phys. Chem. Lett. 9, 1668 (2018)"
UAl3,UAl3,Zhuo 2018,0.0,R2,"contains a radioactive element (Tc, Pm, actinides): not device-relevant","Zhuo et al., J. Phys. Chem. Lett. 9, 1668 (2018)"
UAl4,UAl4,Zhuo 2018,0.0,R2,"contains a radioactive element (Tc, Pm, actinides): not device-relevant","Zhuo et al., J. Phys. Chem. Lett. 9, 1668 (2018)"
UAlNi4,UAlNi4,Zhuo 2018,0.0,R2,"contains a radioactive element (Tc, Pm, actinides): not device-relevant","Zhuo et al., J. Phys. Chem. Lett. 9, 1668 (2018)"
UAu2,UAu2,Zhuo 2018,0.0,R2,"contains a radioactive element (Tc, Pm, actinides): not device-relevant","Zhuo et al., J. Phys. Chem. Lett. 9, 1668 (2018)"
UCo4Sn,UCo4Sn,Zhuo 2018,0.0,R2,"contains a radioactive element (Tc, Pm, actinides): not device-relevant","Zhuo et al., J. Phys. Chem. Lett. 9, 1668 (2018)"
UCoSi,UCoSi,Zhuo 2018,0.0,R2,"contains a radioactive element (Tc, Pm, actinides): not device-relevant","Zhuo et al., J. Phys. Chem. Lett. 9, 1668 (2018)"
UCuP2,UCuP2,Zhuo 2018,0.0,R2,"contains a radioactive element (Tc, Pm, actinides): not device-relevant","Zhuo et al., J. Phys. Chem. Lett. 9, 1668 (2018)"
UFe5Si3,UFe5Si3,Zhuo 2018,0.0,R2,"contains a radioactive element (Tc, Pm, actinides): not device-relevant","Zhuo et al., J. Phys. Chem. Lett. 9, 1668 (2018)"
UFeSi,UFeSi,Zhuo 2018,0.0,R2,"contains a radioactive element (Tc, Pm, actinides): not device-relevant","Zhuo et al., J. Phys. Chem. Lett. 9, 1668 (2018)"
UGa2,UGa2,Zhuo 2018,0.0,R2,"contains a radioactive element (Tc, Pm, actinides): not device-relevant","Zhuo et al., J. Phys. Chem. Lett. 9, 1668 (2018)"
UGa3Ni,UGa3Ni,Zhuo 2018,0.0,R2,"contains a radioactive element (Tc, Pm, actinides): not device-relevant","Zhuo et al., J. Phys. Chem. Lett. 9, 1668 (2018)"
UGa5Ir,UGa5Ir,Zhuo 2018,0.0,R2,"contains a radioactive element (Tc, Pm, actinides): not device-relevant","Zhuo et al., J. Phys. Chem. Lett. 9, 1668 (2018)"
UGaNi,UGaNi,Zhuo 2018,0.0,R2,"contains a radioactive element (Tc, Pm, actinides): not device-relevant","Zhuo et al., J. Phys. Chem. Lett. 9, 1668 (2018)"
UGeRh,UGeRh,Zhuo 2018,0.0,R2,"contains a radioactive element (Tc, Pm, actinides): not device-relevant","Zhuo et al., J. Phys. Chem. Lett. 9, 1668 (2018)"
UHg3(TeCl3)2,Hg3Te2UCl6,Zhuo 2018,2.6,R2,"contains a radioactive element (Tc, Pm, actinides): not device-relevant","Zhuo et al., J. Phys. Chem. Lett. 9, 1668 (2018)"
UHg4(AsCl3)2,Hg4As2UCl6,Zhuo 2018,1.9,R2,"contains a radioactive element (Tc, Pm, actinides): not device-relevant","Zhuo et al., J. Phys. Chem. Lett. 9, 1668 (2018)"
UNiSn,UNiSn,Zhuo 2018,0.0,R2,"contains a radioactive element (Tc, Pm, actinides): not device-relevant","Zhuo et al., J. Phys. Chem. Lett. 9, 1668 (2018)"
UO,UO,Zhuo 2018,1.5,R2,"contains a radioactive element (Tc, Pm, actinides): not device-relevant","Zhuo et al., J. Phys. Chem. Lett. 9, 1668 (2018)"
UO2,UO2,Zhuo 2018,2.18,R2,"contains a radioactive element (Tc, Pm, actinides): not device-relevant","Zhuo et al., J. Phys. Chem. Lett. 9, 1668 (2018)"
UP2S7,UP2S7,Zhuo 2018,1.41,R2,"contains a radioactive element (Tc, Pm, actinides): not device-relevant","Zhuo et al., J. Phys. Chem. Lett. 9, 1668 (2018)"
UP2S9,UP2S9,Zhuo 2018,1.41,R2,"contains a radioactive element (Tc, Pm, actinides): not device-relevant","Zhuo et al., J. Phys. Chem. Lett. 9, 1668 (2018)"
UPt3,UPt3,Zhuo 2018,0.0,R2,"contains a radioactive element (Tc, Pm, actinides): not device-relevant","Zhuo et al., J. Phys. Chem. Lett. 9, 1668 (2018)"
USbSe,USbSe,Zhuo 2018,0.0,R2,"contains a radioactive element (Tc, Pm, actinides): not device-relevant","Zhuo et al., J. Phys. Chem. Lett. 9, 1668 (2018)"
USeS,USeS,Zhuo 2018,0.0,R2,"contains a radioactive element (Tc, Pm, actinides): not device-relevant","Zhuo et al., J. Phys. Chem. Lett. 9, 1668 (2018)"
USi3,USi3,Zhuo 2018,0.0,R2,"contains a radioactive element (Tc, Pm, actinides): not device-relevant","Zhuo et al., J. Phys. Chem. Lett. 9, 1668 (2018)"
UVC2,UVC2,Zhuo 2018,0.0,R2,"contains a radioactive element (Tc, Pm, actinides): not device-relevant","Zhuo et al., J. Phys. Chem. Lett. 9, 1668 (2018)"
V2TcRu,V2TcRu,Zhuo 2018,0.0,R2,"contains a radioactive element (Tc, Pm, actinides): not device-relevant","Zhuo et al., J. Phys. Chem. Lett. 9, 1668 (2018)"
VTc,VTc,Zhuo 2018,0.0,R2,"contains a radioactive element (Tc, Pm, actinides): not device-relevant","Zhuo et al., J. Phys. Chem. Lett. 9, 1668 (2018)"
Y2U3O11,Y2U3O11,Zhuo 2018,0.0,R2,"contains a radioactive element (Tc, Pm, actinides): not device-relevant","Zhuo et al., J. Phys. Chem. Lett. 9, 1668 (2018)"
Y4US5O3,UY4O3S5,Zhuo 2018,1.95,R2,"contains a radioactive element (Tc, Pm, actinides): not device-relevant","Zhuo et al., J. Phys. Chem. Lett. 9, 1668 (2018)"
Yb3Tc,Yb3Tc,Zhuo 2018,0.0,R2,"contains a radioactive element (Tc, Pm, actinides): not device-relevant","Zhuo et al., J. Phys. Chem. Lett. 9, 1668 (2018)"
Yb6U3O17,Yb6U3O17,Zhuo 2018,0.0,R2,"contains a radioactive element (Tc, Pm, actinides): not device-relevant","Zhuo et al., J. Phys. Chem. Lett. 9, 1668 (2018)"
YbPmPt2,YbPmPt2,Zhuo 2018,0.0,R2,"contains a radioactive element (Tc, Pm, actinides): not device-relevant","Zhuo et al., J. Phys. Chem. Lett. 9, 1668 (2018)"
ZnTc,ZnTc,Zhuo 2018,2.37,R2,"contains a radioactive element (Tc, Pm, actinides): not device-relevant","Zhuo et al., J. Phys. Chem. Lett. 9, 1668 (2018)"
Ne,Ne,Borlido 2019,21.48,R3,gap 21.48 eV outside 0–15 eV,"Borlido et al., JCTC 15, 5069 (2019); measurement doi:10.1016/0030-4018(86)90186-0"
CaB6,CaB6,Zhuo 2018,4.5,R4,4.50 eV is > 3x the other reports (median 1.15 eV): transcription error,"Zhuo et al., J. Phys. Chem. Lett. 9, 1668 (2018)"
AgS,AgS,Zhuo 2018,0.85,R5,disagrees with the other reports for this formula,"Zhuo et al., J. Phys. Chem. Lett. 9, 1668 (2018)"
AlB12,AlB12,Zhuo 2018,2.5,R5,disagrees with the other reports for this formula,"Zhuo et al., J. Phys. Chem. Lett. 9, 1668 (2018)"
Cd3As2,Cd3As2,Zhuo 2018,0.64,R5,disagrees with the other reports for this formula,"Zhuo et al., J. Phys. Chem. Lett. 9, 1668 (2018)"
Cd3As2,Cd3As2,Zhuo 2018,0.53,R5,disagrees with the other reports for this formula,"Zhuo et al., J. Phys. Chem. Lett. 9, 1668 (2018)"
ErN,ErN,Zhuo 2018,2.4,R5,disagrees with the other reports for this formula,"Zhuo et al., J. Phys. Chem. Lett. 9, 1668 (2018)"
HgCl,Hg2Cl2,Zhuo 2018,2.84,R5,disagrees with the other reports for this formula,"Zhuo et al., J. Phys. Chem. Lett. 9, 1668 (2018)"
HgSe,HgSe,Zhuo 2018,0.6,R5,disagrees with the other reports for this formula,"Zhuo et al., J. Phys. Chem. Lett. 9, 1668 (2018)"
Ho2(MoO4)3,Ho2Mo3O12,Zhuo 2018,1.07,R5,reports for this formula disagree (likely different phases),"Zhuo et al., J. Phys. Chem. Lett. 9, 1668 (2018)"
Ho2(MoO4)3,Ho2Mo3O12,Zhuo 2018,1.68,R5,reports for this formula disagree (likely different phases),"Zhuo et al., J. Phys. Chem. Lett. 9, 1668 (2018)"
K4Nb2S11,K4Nb2S11,Zhuo 2018,1.96,R5,disagrees with the other reports for this formula,"Zhuo et al., J. Phys. Chem. Lett. 9, 1668 (2018)"
KSbSe2,KSbSe2,Zhuo 2018,1.14,R5,disagrees with the other reports for this formula,"Zhuo et al., J. Phys. Chem. Lett. 9, 1668 (2018)"
LiGaS2,LiGaS2,Zhuo 2018,4.15,R5,disagrees with the other reports for this formula,"Zhuo et al., J. Phys. Chem. Lett. 9, 1668 (2018)"
Mg3As2,Mg3As2,Zhuo 2018,2.2,R5,disagrees with the other reports for this formula,"Zhuo et al., J. Phys. Chem. Lett. 9, 1668 (2018)"
Na2Cd(GeS3)2,Na2CdGe2S6,Zhuo 2018,2.57,R5,reports for this formula disagree (likely different phases),"Zhuo et al., J. Phys. Chem. Lett. 9, 1668 (2018)"
Na2Cd(GeS3)2,Na2CdGe2S6,Zhuo 2018,3.21,R5,reports for this formula disagree (likely different phases),"Zhuo et al., J. Phys. Chem. Lett. 9, 1668 (2018)"
PbO2,PbO2,Zhuo 2018,2.0,R5,disagrees with the other reports for this formula,"Zhuo et al., J. Phys. Chem. Lett. 9, 1668 (2018)"
RbBi3Se5,RbBi3Se5,Zhuo 2018,0.8,R5,disagrees with the other reports for this formula,"Zhuo et al., J. Phys. Chem. Lett. 9, 1668 (2018)"
TaGaS2,TaGaS2,Zhuo 2018,3.4,R5,disagrees with the other reports for this formula,"Zhuo et al., J. Phys. Chem. Lett. 9, 1668 (2018)"
TaGaS2,TaGaS2,Zhuo 2018,3.6,R5,disagrees with the other reports for this formula,"Zhuo et al., J. Phys. Chem. Lett. 9, 1668 (2018)"
TaGaSe2,TaGaSe2,Zhuo 2018,1.65,R5,disagrees with the other reports for this formula,"Zhuo et al., J. Phys. Chem. Lett. 9, 1668 (2018)"
Tl2Te3,Tl2Te3,Zhuo 2018,0.2,R5,disagrees with the other reports for this formula,"Zhuo et al., J. Phys. Chem. Lett. 9, 1668 (2018)"
VO2,VO2,Zhuo 2018,0.12,R5,disagrees with the other reports for this formula,"Zhuo et al., J. Phys. Chem. Lett. 9, 1668 (2018)"
Zn3As2,Zn3As2,Zhuo 2018,0.51,R5,disagrees with the other reports for this formula,"Zhuo et al., J. Phys. Chem. Lett. 9, 1668 (2018)"
Ag2P2PbO7,Ag2P2PbO7,Zhuo 2018,0.0,R6,measured 0.00 eV vs hybrid DFT 4.03 eV: likely a different phase or a typo,"Zhuo et al., J. Phys. Chem. Lett. 9, 1668 (2018)"
AgCNO,AgCNO,Zhuo 2018,0.0,R6,measured 0.00 eV vs hybrid DFT 3.87 eV: likely a different phase or a typo,"Zhuo et al., J. Phys. Chem. Lett. 9, 1668 (2018)"
AsS3,As2S6,Zhuo 2018,2.35,R6,measured 2.35 eV vs hybrid DFT 0.00 eV: likely a different phase or a typo,"Zhuo et al., J. Phys. Chem. Lett. 9, 1668 (2018)"
B2O3,B2O3,Zhuo 2018,4.9,R6,measured 4.89 eV vs hybrid DFT 9.19 eV: likely a different phase or a typo,"Zhuo et al., J. Phys. Chem. Lett. 9, 1668 (2018)"
B2O3,B2O3,Zhuo 2018,4.89,R6,measured 4.89 eV vs hybrid DFT 9.19 eV: likely a different phase or a typo,"Zhuo et al., J. Phys. Chem. Lett. 9, 1668 (2018)"
Ba2BiSbO6,Ba2BiSbO6,Zhuo 2018,0.0,R6,measured 0.00 eV vs hybrid DFT 2.67 eV: likely a different phase or a typo,"Zhuo et al., J. Phys. Chem. Lett. 9, 1668 (2018)"
Ba2Cd(BO2)6,Ba2CdB6O12,Zhuo 2018,4.59,R6,measured 4.59 eV vs hybrid DFT 6.73 eV: likely a different phase or a typo,"Zhuo et al., J. Phys. Chem. Lett. 9, 1668 (2018)"
Ba2CuWO6,Ba2CuWO6,Zhuo 2018,0.0,R6,measured 0.00 eV vs hybrid DFT 2.70 eV: likely a different phase or a typo,"Zhuo et al., J. Phys. Chem. Lett. 9, 1668 (2018)"
Ba3CaRu2O9,Ba3CaRu2O9,Zhuo 2018,0.0,R6,measured 0.00 eV vs hybrid DFT 2.65 eV: likely a different phase or a typo,"Zhuo et al., J. Phys. Chem. Lett. 9, 1668 (2018)"
BaB6,BaB6,Zhuo 2018,2.64,R6,measured 2.64 eV vs hybrid DFT 0.38 eV: likely a different phase or a typo,"Zhuo et al., J. Phys. Chem. Lett. 9, 1668 (2018)"
BaMnO3,BaMnO3,Zhuo 2018,0.0,R6,measured 0.00 eV vs hybrid DFT 3.04 eV: likely a different phase or a typo,"Zhuo et al., J. Phys. Chem. Lett. 9, 1668 (2018)"
CaTe,CaTe,Zhuo 2018,4.3,R6,measured 4.18 eV vs hybrid DFT 2.01 eV: likely a different phase or a typo,"Zhuo et al., J. Phys. Chem. Lett. 9, 1668 (2018)"
CaTe,CaTe,Zhuo 2018,4.07,R6,measured 4.18 eV vs hybrid DFT 2.01 eV: likely a different phase or a typo,"Zhuo et al., J. Phys. Chem. Lett. 9, 1668 (2018)"
CsF,CsF,Zhuo 2018,10.0,R6,measured 10.00 eV vs hybrid DFT 7.47 eV: likely a different phase or a typo,"Zhuo et al., J. Phys. Chem. Lett. 9, 1668 (2018)"
Cu2H3ClO3,Cu2H3ClO3,Zhuo 2018,0.0,R6,measured 0.00 eV vs hybrid DFT 3.16 eV: likely a different phase or a typo,"Zhuo et al., J. Phys. Chem. Lett. 9, 1668 (2018)"
Cu3Se2(ClO3)2,Cu3Se2(ClO3)2,Zhuo 2018,0.0,R6,measured 0.00 eV vs hybrid DFT 2.49 eV: likely a different phase or a typo,"Zhuo et al., J. Phys. Chem. Lett. 9, 1668 (2018)"
Cu4As2O9,Cu4As2O9,Zhuo 2018,0.0,R6,measured 0.00 eV vs hybrid DFT 3.48 eV: likely a different phase or a typo,"Zhuo et al., J. Phys. Chem. Lett. 9, 1668 (2018)"
CuMoO4,CuMoO4,Zhuo 2018,0.0,R6,measured 0.00 eV vs hybrid DFT 2.95 eV: likely a different phase or a typo,"Zhuo et al., J. Phys. Chem. Lett. 9, 1668 (2018)"
CuSeO3,CuSeO3,Zhuo 2018,0.0,R6,measured 0.00 eV vs hybrid DFT 2.89 eV: likely a different phase or a typo,"Zhuo et al., J. Phys. Chem. Lett. 9, 1668 (2018)"
DyB6,DyB6,Zhuo 2018,3.3,R6,measured 3.30 eV vs hybrid DFT 0.00 eV: likely a different phase or a typo,"Zhuo et al., J. Phys. Chem. Lett. 9, 1668 (2018)"
EuClO,EuClO,Zhuo 2018,0.0,R6,measured 0.00 eV vs hybrid DFT 6.15 eV: likely a different phase or a typo,"Zhuo et al., J. Phys. Chem. Lett. 9, 1668 (2018)"
EuF3,EuF3,Zhuo 2018,0.0,R6,measured 0.00 eV vs hybrid DFT 9.43 eV: likely a different phase or a typo,"Zhuo et al., J. Phys. Chem. Lett. 9, 1668 (2018)"
FeI2,FeI2,Zhuo 2018,5.15,R6,measured 5.15 eV vs hybrid DFT 1.44 eV: likely a different phase or a typo,"Zhuo et al., J. Phys. Chem. Lett. 9, 1668 (2018)"
HPbI3,HPbI3,Zhuo 2018,0.0,R6,measured 0.00 eV vs hybrid DFT 2.67 eV: likely a different phase or a typo,"Zhuo et al., J. Phys. Chem. Lett. 9, 1668 (2018)"
Ho2S3,Ho2S3,Zhuo 2018,0.5,R6,measured 0.50 eV vs hybrid DFT 3.35 eV: likely a different phase or a typo,"Zhuo et al., J. Phys. Chem. Lett. 9, 1668 (2018)"
K2S,K2S,Zhuo 2018,2.1,R6,measured 2.10 eV vs hybrid DFT 4.18 eV: likely a different phase or a typo,"Zhuo et al., J. Phys. Chem. Lett. 9, 1668 (2018)"
KAgO,KAgO,Zhuo 2018,0.0,R6,measured 0.00 eV vs hybrid DFT 2.81 eV: likely a different phase or a typo,"Zhuo et al., J. Phys. Chem. Lett. 9, 1668 (2018)"
KEuS2,EuKS2,Zhuo 2018,0.0,R6,measured 0.00 eV vs hybrid DFT 3.28 eV: likely a different phase or a typo,"Zhuo et al., J. Phys. Chem. Lett. 9, 1668 (2018)"
KF,KF,Zhuo 2018,10.3,R6,measured 10.30 eV vs hybrid DFT 8.17 eV: likely a different phase or a typo,"Zhuo et al., J. Phys. Chem. Lett. 9, 1668 (2018)"
KH(CN2)3,KH(CN2)3,Zhuo 2018,0.0,R6,measured 0.00 eV vs hybrid DFT 4.44 eV: likely a different phase or a typo,"Zhuo et al., J. Phys. Chem. Lett. 9, 1668 (2018)"
KTi2F7,KTi2F7,Zhuo 2018,6.4,R6,measured 6.40 eV vs hybrid DFT 0.00 eV: likely a different phase or a typo,"Zhuo et al., J. Phys. Chem. Lett. 9, 1668 (2018)"
KZn4(BO3)3,KZn4B3O9,Zhuo 2018,2.32,R6,measured 2.32 eV vs hybrid DFT 4.88 eV: likely a different phase or a typo,"Zhuo et al., J. Phys. Chem. Lett. 9, 1668 (2018)"
La2Fe(SeO)2,La2O2FeSe2,Zhuo 2018,0.7,R6,measured 0.70 eV vs hybrid DFT 2.83 eV: likely a different phase or a typo,"Zhuo et al., J. Phys. Chem. Lett. 9, 1668 (2018)"
LiGaO2,LiGaO2,Zhuo 2018,5.6,R6,measured 5.60 eV vs hybrid DFT 3.28 eV: likely a different phase or a typo,"Zhuo et al., J. Phys. Chem. Lett. 9, 1668 (2018)"
LiMnP2O7,LiMnP2O7,Zhuo 2018,0.0,R6,measured 0.00 eV vs hybrid DFT 2.75 eV: likely a different phase or a typo,"Zhuo et al., J. Phys. Chem. Lett. 9, 1668 (2018)"
LiZnBO3,LiZnBO3,Zhuo 2018,3.1,R6,measured 3.10 eV vs hybrid DFT 5.47 eV: likely a different phase or a typo,"Zhuo et al., J. Phys. Chem. Lett. 9, 1668 (2018)"
MgSbF6,MgSbF6,Zhuo 2018,0.0,R6,measured 0.00 eV vs hybrid DFT 4.14 eV: likely a different phase or a typo,"Zhuo et al., J. Phys. Chem. Lett. 9, 1668 (2018)"
MgSe,MgSe,Zhuo 2018,5.63,R6,measured 5.63 eV vs hybrid DFT 3.48 eV: likely a different phase or a typo,"Zhuo et al., J. Phys. Chem. Lett. 9, 1668 (2018)"
MgSe,MgSe,Zhuo 2018,6.0,R6,measured 5.63 eV vs hybrid DFT 3.48 eV: likely a different phase or a typo,"Zhuo et al., J. Phys. Chem. Lett. 9, 1668 (2018)"
MgSe,MgSe,Zhuo 2018,5.6,R6,measured 5.63 eV vs hybrid DFT 3.48 eV: likely a different phase or a typo,"Zhuo et al., J. Phys. Chem. Lett. 9, 1668 (2018)"
Mn(SbO3)2,MnSb2O6,Zhuo 2018,0.0,R6,measured 0.00 eV vs hybrid DFT 2.80 eV: likely a different phase or a typo,"Zhuo et al., J. Phys. Chem. Lett. 9, 1668 (2018)"
Mn2GeS4,Mn2GeS4,Zhuo 2018,0.0,R6,measured 0.00 eV vs hybrid DFT 2.22 eV: likely a different phase or a typo,"Zhuo et al., J. Phys. Chem. Lett. 9, 1668 (2018)"
MnF2,MnF2,Zhuo 2018,9.9,R6,measured 9.90 eV vs hybrid DFT 4.92 eV: likely a different phase or a typo,"Zhuo et al., J. Phys. Chem. Lett. 9, 1668 (2018)"
MnO,MnO,Zhuo 2018,3.6,R6,measured 3.60 eV vs hybrid DFT 0.57 eV: likely a different phase or a typo,"Zhuo et al., J. Phys. Chem. Lett. 9, 1668 (2018)"
MnS,MnS,Zhuo 2018,0.0,R6,measured 0.00 eV vs hybrid DFT 2.44 eV: likely a different phase or a typo,"Zhuo et al., J. Phys. Chem. Lett. 9, 1668 (2018)"
Na2Cl,Na2Cl,Zhuo 2018,0.0,R6,measured 0.00 eV vs hybrid DFT 3.00 eV: likely a different phase or a typo,"Zhuo et al., J. Phys. Chem. Lett. 9, 1668 (2018)"
Na2SO4,Na2SO4,Zhuo 2018,0.0,R6,measured 0.00 eV vs hybrid DFT 8.62 eV: likely a different phase or a typo,"Zhuo et al., J. Phys. Chem. Lett. 9, 1668 (2018)"
Na6CoSe4,Na6CoSe4,Zhuo 2018,0.0,R6,measured 0.00 eV vs hybrid DFT 2.57 eV: likely a different phase or a typo,"Zhuo et al., J. Phys. Chem. Lett. 9, 1668 (2018)"
NaAsO3,NaAsO3,Zhuo 2018,0.0,R6,measured 0.00 eV vs hybrid DFT 4.65 eV: likely a different phase or a typo,"Zhuo et al., J. Phys. Chem. Lett. 9, 1668 (2018)"
NaC,NaC,Zhuo 2018,0.0,R6,measured 0.00 eV vs hybrid DFT 5.03 eV: likely a different phase or a typo,"Zhuo et al., J. Phys. Chem. Lett. 9, 1668 (2018)"
NaCeS2,NaCeS2,Zhuo 2018,0.0,R6,measured 0.00 eV vs hybrid DFT 2.20 eV: likely a different phase or a typo,"Zhuo et al., J. Phys. Chem. Lett. 9, 1668 (2018)"
NaCuO,NaCuO,Zhuo 2018,0.0,R6,measured 0.00 eV vs hybrid DFT 2.79 eV: likely a different phase or a typo,"Zhuo et al., J. Phys. Chem. Lett. 9, 1668 (2018)"
NaSbF6,NaSbF6,Zhuo 2018,3.76,R6,measured 3.76 eV vs hybrid DFT 6.88 eV: likely a different phase or a typo,"Zhuo et al., J. Phys. Chem. Lett. 9, 1668 (2018)"
NdGaO3,NdGaO3,Zhuo 2018,0.0,R6,measured 0.00 eV vs hybrid DFT 5.27 eV: likely a different phase or a typo,"Zhuo et al., J. Phys. Chem. Lett. 9, 1668 (2018)"
NdO2,NdO2,Zhuo 2018,0.0,R6,measured 0.00 eV vs hybrid DFT 4.80 eV: likely a different phase or a typo,"Zhuo et al., J. Phys. Chem. Lett. 9, 1668 (2018)"
P2O5,P2O5,Zhuo 2018,0.0,R6,measured 0.00 eV vs hybrid DFT 7.33 eV: likely a different phase or a typo,"Zhuo et al., J. Phys. Chem. Lett. 9, 1668 (2018)"
PrO,PrO,Zhuo 2018,0.55,R6,measured 0.55 eV vs hybrid DFT 2.58 eV: likely a different phase or a typo,"Zhuo et al., J. Phys. Chem. Lett. 9, 1668 (2018)"
Rb4CuSi2O7,Rb4Si2CuO7,Zhuo 2018,0.0,R6,measured 0.00 eV vs hybrid DFT 3.49 eV: likely a different phase or a typo,"Zhuo et al., J. Phys. Chem. Lett. 9, 1668 (2018)"
RbF3,RbF3,Zhuo 2018,0.0,R6,measured 0.00 eV vs hybrid DFT 3.80 eV: likely a different phase or a typo,"Zhuo et al., J. Phys. Chem. Lett. 9, 1668 (2018)"
Re(TeCl6)2,ReTe2Cl12,Zhuo 2018,0.0,R6,measured 0.00 eV vs hybrid DFT 2.44 eV: likely a different phase or a typo,"Zhuo et al., J. Phys. Chem. Lett. 9, 1668 (2018)"
ReCl4,ReCl4,Zhuo 2018,0.0,R6,measured 0.00 eV vs hybrid DFT 2.54 eV: likely a different phase or a typo,"Zhuo et al., J. Phys. Chem. Lett. 9, 1668 (2018)"
ReF6,ReF6,Zhuo 2018,0.0,R6,measured 0.00 eV vs hybrid DFT 4.26 eV: likely a different phase or a typo,"Zhuo et al., J. Phys. Chem. Lett. 9, 1668 (2018)"
Sb2XeF14,Sb2XeF14,Zhuo 2018,0.0,R6,measured 0.00 eV vs hybrid DFT 3.83 eV: likely a different phase or a typo,"Zhuo et al., J. Phys. Chem. Lett. 9, 1668 (2018)"
SiTe2,SiTe2,Zhuo 2018,1.85,R6,measured 2.02 eV vs hybrid DFT 0.00 eV: likely a different phase or a typo,"Zhuo et al., J. Phys. Chem. Lett. 9, 1668 (2018)"
SiTe2,SiTe2,Zhuo 2018,2.18,R6,measured 2.02 eV vs hybrid DFT 0.00 eV: likely a different phase or a typo,"Zhuo et al., J. Phys. Chem. Lett. 9, 1668 (2018)"
SrB6,SrB6,Zhuo 2018,3.68,R6,measured 3.68 eV vs hybrid DFT 0.36 eV: likely a different phase or a typo,"Zhuo et al., J. Phys. Chem. Lett. 9, 1668 (2018)"
TaF3,TaF3,Zhuo 2018,0.0,R6,measured 0.00 eV vs hybrid DFT 3.11 eV: likely a different phase or a typo,"Zhuo et al., J. Phys. Chem. Lett. 9, 1668 (2018)"
TaN,TaN,Zhuo 2018,2.3,R6,measured 2.30 eV vs hybrid DFT 0.00 eV: likely a different phase or a typo,"Zhuo et al., J. Phys. Chem. Lett. 9, 1668 (2018)"
Tb2O3,Tb2O3,Zhuo 2018,3.0,R6,measured 3.00 eV vs hybrid DFT 5.62 eV: likely a different phase or a typo,"Zhuo et al., J. Phys. Chem. Lett. 9, 1668 (2018)"
TiHgO3,TiHgO3,Zhuo 2018,0.0,R6,measured 0.00 eV vs hybrid DFT 2.18 eV: likely a different phase or a typo,"Zhuo et al., J. Phys. Chem. Lett. 9, 1668 (2018)"
TlCuCl3,TlCuCl3,Zhuo 2018,2.98,R6,measured 2.98 eV vs hybrid DFT 0.87 eV: likely a different phase or a typo,"Zhuo et al., J. Phys. Chem. Lett. 9, 1668 (2018)"
TlFeI3,TlFeI3,Zhuo 2018,0.0,R6,measured 0.00 eV vs hybrid DFT 2.94 eV: likely a different phase or a typo,"Zhuo et al., J. Phys. Chem. Lett. 9, 1668 (2018)"
VO,VO,Zhuo 2018,0.3,R6,measured 0.30 eV vs hybrid DFT 2.60 eV: likely a different phase or a typo,"Zhuo et al., J. Phys. Chem. Lett. 9, 1668 (2018)"
VPO4,VPO4,Zhuo 2018,0.0,R6,measured 0.00 eV vs hybrid DFT 3.00 eV: likely a different phase or a typo,"Zhuo et al., J. Phys. Chem. Lett. 9, 1668 (2018)"
Y2Ge2O7,Y2Ge2O7,Zhuo 2018,0.0,R6,measured 0.00 eV vs hybrid DFT 6.38 eV: likely a different phase or a typo,"Zhuo et al., J. Phys. Chem. Lett. 9, 1668 (2018)"
YCoO3,YCoO3,Zhuo 2018,0.0,R6,measured 0.00 eV vs hybrid DFT 2.71 eV: likely a different phase or a typo,"Zhuo et al., J. Phys. Chem. Lett. 9, 1668 (2018)"
YbS,YbS,Zhuo 2018,0.98,R6,measured 1.10 eV vs hybrid DFT 3.46 eV: likely a different phase or a typo,"Zhuo et al., J. Phys. Chem. Lett. 9, 1668 (2018)"
YbS,YbS,Zhuo 2018,1.33,R6,measured 1.10 eV vs hybrid DFT 3.46 eV: likely a different phase or a typo,"Zhuo et al., J. Phys. Chem. Lett. 9, 1668 (2018)"
YbS,YbS,Zhuo 2018,1.1,R6,measured 1.10 eV vs hybrid DFT 3.46 eV: likely a different phase or a typo,"Zhuo et al., J. Phys. Chem. Lett. 9, 1668 (2018)"
Zn3(InS3)2,Zn3In2S6,Zhuo 2018,3.05,R6,measured 2.92 eV vs hybrid DFT 0.66 eV: likely a different phase or a typo,"Zhuo et al., J. Phys. Chem. Lett. 9, 1668 (2018)"
Zn3(InS3)2,Zn3In2S6,Zhuo 2018,2.8,R6,measured 2.92 eV vs hybrid DFT 0.66 eV: likely a different phase or a typo,"Zhuo et al., J. Phys. Chem. Lett. 9, 1668 (2018)"
ZnHg3(SCl2)2,Hg3ZnS2Cl4,Zhuo 2018,2.65,R6,measured 2.65 eV vs hybrid DFT 0.56 eV: likely a different phase or a typo,"Zhuo et al., J. Phys. Chem. Lett. 9, 1668 (2018)"
