formula,name,vbm_ev,cbm_ev,basis,n_values,vbm_spread_ev,reference
Ag2GeO3,Ag2GeO3,-5.578,,hybrid-DFT surfaces,2,0.331,"Kiyohara, Hinuma & Oba, J. Am. Chem. Soc. 146 (2024), doi:10.1021/jacs.3c13574, SI Data S1 (median over surfaces)"
Ag2HgO2,Ag2HgO2,-4.378,,hybrid-DFT surfaces,2,0.127,"Kiyohara, Hinuma & Oba, J. Am. Chem. Soc. 146 (2024), doi:10.1021/jacs.3c13574, SI Data S1 (median over surfaces)"
Ag2Mo2O7,Ag2Mo2O7,-7.209,,hybrid-DFT surfaces,1,0.0,"Kiyohara, Hinuma & Oba, J. Am. Chem. Soc. 146 (2024), doi:10.1021/jacs.3c13574, SI Data S1 (median over surfaces)"
Ag2O,Ag2O,-5.455,,hybrid-DFT surfaces,3,0.547,"Kiyohara, Hinuma & Oba, J. Am. Chem. Soc. 146 (2024), doi:10.1021/jacs.3c13574, SI Data S1 (median over surfaces)"
Ag5BiO4,Ag5BiO4,-4.201,,hybrid-DFT surfaces,1,0.0,"Kiyohara, Hinuma & Oba, J. Am. Chem. Soc. 146 (2024), doi:10.1021/jacs.3c13574, SI Data S1 (median over surfaces)"
Al2Ge2O7,Al2Ge2O7,-10.089,,hybrid-DFT surfaces,1,0.0,"Kiyohara, Hinuma & Oba, J. Am. Chem. Soc. 146 (2024), doi:10.1021/jacs.3c13574, SI Data S1 (median over surfaces)"
Al2O3,Al2O3,-9.772,,hybrid-DFT surfaces,116,3.156,"Kiyohara, Hinuma & Oba, J. Am. Chem. Soc. 146 (2024), doi:10.1021/jacs.3c13574, SI Data S1 (median over surfaces)"
Al2SiO5,Al2SiO5,-9.767,,hybrid-DFT surfaces,1,0.0,"Kiyohara, Hinuma & Oba, J. Am. Chem. Soc. 146 (2024), doi:10.1021/jacs.3c13574, SI Data S1 (median over surfaces)"
Al4Bi2O9,Al4Bi2O9,-8.088,,hybrid-DFT surfaces,1,0.0,"Kiyohara, Hinuma & Oba, J. Am. Chem. Soc. 146 (2024), doi:10.1021/jacs.3c13574, SI Data S1 (median over surfaces)"
Al4CdO7,Al4CdO7,-9.386,,hybrid-DFT surfaces,2,0.722,"Kiyohara, Hinuma & Oba, J. Am. Chem. Soc. 146 (2024), doi:10.1021/jacs.3c13574, SI Data S1 (median over surfaces)"
As2O3,As2O3,-7.582,,hybrid-DFT surfaces,69,1.901,"Kiyohara, Hinuma & Oba, J. Am. Chem. Soc. 146 (2024), doi:10.1021/jacs.3c13574, SI Data S1 (median over surfaces)"
As2Pb2O5,As2Pb2O5,-6.287,,hybrid-DFT surfaces,1,0.0,"Kiyohara, Hinuma & Oba, J. Am. Chem. Soc. 146 (2024), doi:10.1021/jacs.3c13574, SI Data S1 (median over surfaces)"
As2PbO4,As2PbO4,-6.088,,hybrid-DFT surfaces,2,0.322,"Kiyohara, Hinuma & Oba, J. Am. Chem. Soc. 146 (2024), doi:10.1021/jacs.3c13574, SI Data S1 (median over surfaces)"
Au2O,Au2O,-5.546,,hybrid-DFT surfaces,3,0.831,"Kiyohara, Hinuma & Oba, J. Am. Chem. Soc. 146 (2024), doi:10.1021/jacs.3c13574, SI Data S1 (median over surfaces)"
Ba2Bi2O5,Ba2Bi2O5,-4.36,,hybrid-DFT surfaces,4,1.358,"Kiyohara, Hinuma & Oba, J. Am. Chem. Soc. 146 (2024), doi:10.1021/jacs.3c13574, SI Data S1 (median over surfaces)"
Ba2GeO4,Ba2GeO4,-6.259,,hybrid-DFT surfaces,1,0.0,"Kiyohara, Hinuma & Oba, J. Am. Chem. Soc. 146 (2024), doi:10.1021/jacs.3c13574, SI Data S1 (median over surfaces)"
Ba2Sc2O5,Ba2Sc2O5,-5.517,,hybrid-DFT surfaces,1,0.0,"Kiyohara, Hinuma & Oba, J. Am. Chem. Soc. 146 (2024), doi:10.1021/jacs.3c13574, SI Data S1 (median over surfaces)"
Ba2SiO4,Ba2SiO4,-6.395,,hybrid-DFT surfaces,1,0.0,"Kiyohara, Hinuma & Oba, J. Am. Chem. Soc. 146 (2024), doi:10.1021/jacs.3c13574, SI Data S1 (median over surfaces)"
Ba2Ta2O7,Ba2Ta2O7,-8.11,,hybrid-DFT surfaces,1,0.0,"Kiyohara, Hinuma & Oba, J. Am. Chem. Soc. 146 (2024), doi:10.1021/jacs.3c13574, SI Data S1 (median over surfaces)"
Ba2ZnO3,Ba2ZnO3,-4.603,,hybrid-DFT surfaces,1,0.0,"Kiyohara, Hinuma & Oba, J. Am. Chem. Soc. 146 (2024), doi:10.1021/jacs.3c13574, SI Data S1 (median over surfaces)"
Ba3(SbO3)2,Ba3(SbO3)2,-4.26,,hybrid-DFT surfaces,1,0.0,"Kiyohara, Hinuma & Oba, J. Am. Chem. Soc. 146 (2024), doi:10.1021/jacs.3c13574, SI Data S1 (median over surfaces)"
Ba3Ga4O9,Ba3Ga4O9,-6.631,,hybrid-DFT surfaces,1,0.0,"Kiyohara, Hinuma & Oba, J. Am. Chem. Soc. 146 (2024), doi:10.1021/jacs.3c13574, SI Data S1 (median over surfaces)"
Ba3Nb2O8,Ba3Nb2O8,-7.172,,hybrid-DFT surfaces,2,1.913,"Kiyohara, Hinuma & Oba, J. Am. Chem. Soc. 146 (2024), doi:10.1021/jacs.3c13574, SI Data S1 (median over surfaces)"
Ba3Sn2O7,Ba3Sn2O7,-5.433,,hybrid-DFT surfaces,1,0.0,"Kiyohara, Hinuma & Oba, J. Am. Chem. Soc. 146 (2024), doi:10.1021/jacs.3c13574, SI Data S1 (median over surfaces)"
Ba5Nb4O15,Ba5Nb4O15,-6.228,,hybrid-DFT surfaces,1,0.0,"Kiyohara, Hinuma & Oba, J. Am. Chem. Soc. 146 (2024), doi:10.1021/jacs.3c13574, SI Data S1 (median over surfaces)"
BaCdO2,BaCdO2,-4.299,,hybrid-DFT surfaces,3,0.269,"Kiyohara, Hinuma & Oba, J. Am. Chem. Soc. 146 (2024), doi:10.1021/jacs.3c13574, SI Data S1 (median over surfaces)"
BaCrO4,BaCrO4,-8.704,,hybrid-DFT surfaces,2,0.257,"Kiyohara, Hinuma & Oba, J. Am. Chem. Soc. 146 (2024), doi:10.1021/jacs.3c13574, SI Data S1 (median over surfaces)"
BaGa4O7,BaGa4O7,-8.365,,hybrid-DFT surfaces,1,0.0,"Kiyohara, Hinuma & Oba, J. Am. Chem. Soc. 146 (2024), doi:10.1021/jacs.3c13574, SI Data S1 (median over surfaces)"
BaGeO3,BaGeO3,-8.402,,hybrid-DFT surfaces,2,1.588,"Kiyohara, Hinuma & Oba, J. Am. Chem. Soc. 146 (2024), doi:10.1021/jacs.3c13574, SI Data S1 (median over surfaces)"
BaNb2O6,BaNb2O6,-7.24,,hybrid-DFT surfaces,3,1.592,"Kiyohara, Hinuma & Oba, J. Am. Chem. Soc. 146 (2024), doi:10.1021/jacs.3c13574, SI Data S1 (median over surfaces)"
BaO,BaO,-4.644,,hybrid-DFT surfaces,9,1.595,"Kiyohara, Hinuma & Oba, J. Am. Chem. Soc. 146 (2024), doi:10.1021/jacs.3c13574, SI Data S1 (median over surfaces)"
BaPb3O4,BaPb3O4,-5.321,,hybrid-DFT surfaces,1,0.0,"Kiyohara, Hinuma & Oba, J. Am. Chem. Soc. 146 (2024), doi:10.1021/jacs.3c13574, SI Data S1 (median over surfaces)"
BaTi2O5,BaTi2O5,-7.165,,hybrid-DFT surfaces,2,1.056,"Kiyohara, Hinuma & Oba, J. Am. Chem. Soc. 146 (2024), doi:10.1021/jacs.3c13574, SI Data S1 (median over surfaces)"
BaY2O4,BaY2O4,-6.219,,hybrid-DFT surfaces,1,0.0,"Kiyohara, Hinuma & Oba, J. Am. Chem. Soc. 146 (2024), doi:10.1021/jacs.3c13574, SI Data S1 (median over surfaces)"
BaZnO2,BaZnO2,-5.645,,hybrid-DFT surfaces,3,0.991,"Kiyohara, Hinuma & Oba, J. Am. Chem. Soc. 146 (2024), doi:10.1021/jacs.3c13574, SI Data S1 (median over surfaces)"
BeAl2O4,BeAl2O4,-8.718,,hybrid-DFT surfaces,1,0.0,"Kiyohara, Hinuma & Oba, J. Am. Chem. Soc. 146 (2024), doi:10.1021/jacs.3c13574, SI Data S1 (median over surfaces)"
BeO,BeO,-9.898,,hybrid-DFT surfaces,34,2.607,"Kiyohara, Hinuma & Oba, J. Am. Chem. Soc. 146 (2024), doi:10.1021/jacs.3c13574, SI Data S1 (median over surfaces)"
Bi2MoO6,Bi2MoO6,-7.04,,hybrid-DFT surfaces,1,0.0,"Kiyohara, Hinuma & Oba, J. Am. Chem. Soc. 146 (2024), doi:10.1021/jacs.3c13574, SI Data S1 (median over surfaces)"
Bi2O3,Bi2O3,-5.762,,hybrid-DFT surfaces,109,3.47,"Kiyohara, Hinuma & Oba, J. Am. Chem. Soc. 146 (2024), doi:10.1021/jacs.3c13574, SI Data S1 (median over surfaces)"
Ca2PbO4,Ca2PbO4,-6.876,,hybrid-DFT surfaces,2,0.95,"Kiyohara, Hinuma & Oba, J. Am. Chem. Soc. 146 (2024), doi:10.1021/jacs.3c13574, SI Data S1 (median over surfaces)"
Ca2Sn3O8,Ca2Sn3O8,-7.89,,hybrid-DFT surfaces,2,2.817,"Kiyohara, Hinuma & Oba, J. Am. Chem. Soc. 146 (2024), doi:10.1021/jacs.3c13574, SI Data S1 (median over surfaces)"
Ca2SnO4,Ca2SnO4,-6.673,,hybrid-DFT surfaces,2,0.077,"Kiyohara, Hinuma & Oba, J. Am. Chem. Soc. 146 (2024), doi:10.1021/jacs.3c13574, SI Data S1 (median over surfaces)"
CaCdO2,CaCdO2,-5.038,,hybrid-DFT surfaces,1,0.0,"Kiyohara, Hinuma & Oba, J. Am. Chem. Soc. 146 (2024), doi:10.1021/jacs.3c13574, SI Data S1 (median over surfaces)"
CaHfO3,CaHfO3,-8.626,,hybrid-DFT surfaces,1,0.0,"Kiyohara, Hinuma & Oba, J. Am. Chem. Soc. 146 (2024), doi:10.1021/jacs.3c13574, SI Data S1 (median over surfaces)"
CaO,CaO,-6.253,,hybrid-DFT surfaces,2,0.308,"Kiyohara, Hinuma & Oba, J. Am. Chem. Soc. 146 (2024), doi:10.1021/jacs.3c13574, SI Data S1 (median over surfaces)"
CaTiO3,CaTiO3,-7.346,,hybrid-DFT surfaces,1,0.0,"Kiyohara, Hinuma & Oba, J. Am. Chem. Soc. 146 (2024), doi:10.1021/jacs.3c13574, SI Data S1 (median over surfaces)"
CaZrO3,CaZrO3,-7.475,,hybrid-DFT surfaces,1,0.0,"Kiyohara, Hinuma & Oba, J. Am. Chem. Soc. 146 (2024), doi:10.1021/jacs.3c13574, SI Data S1 (median over surfaces)"
Cd2GeO4,Cd2GeO4,-7.7,,hybrid-DFT surfaces,1,0.0,"Kiyohara, Hinuma & Oba, J. Am. Chem. Soc. 146 (2024), doi:10.1021/jacs.3c13574, SI Data S1 (median over surfaces)"
Cd2SiO4,Cd2SiO4,-8.636,,hybrid-DFT surfaces,1,0.0,"Kiyohara, Hinuma & Oba, J. Am. Chem. Soc. 146 (2024), doi:10.1021/jacs.3c13574, SI Data S1 (median over surfaces)"
Cd2SnO4,Cd2SnO4,-6.926,,hybrid-DFT surfaces,2,0.33,"Kiyohara, Hinuma & Oba, J. Am. Chem. Soc. 146 (2024), doi:10.1021/jacs.3c13574, SI Data S1 (median over surfaces)"
CdHgO2,CdHgO2,-6.625,,hybrid-DFT surfaces,1,0.0,"Kiyohara, Hinuma & Oba, J. Am. Chem. Soc. 146 (2024), doi:10.1021/jacs.3c13574, SI Data S1 (median over surfaces)"
CdO,CdO,-6.123,,hybrid-DFT surfaces,7,0.959,"Kiyohara, Hinuma & Oba, J. Am. Chem. Soc. 146 (2024), doi:10.1021/jacs.3c13574, SI Data S1 (median over surfaces)"
CdSnO3,CdSnO3,-8.456,,hybrid-DFT surfaces,1,0.0,"Kiyohara, Hinuma & Oba, J. Am. Chem. Soc. 146 (2024), doi:10.1021/jacs.3c13574, SI Data S1 (median over surfaces)"
CeO2,CeO2,-6.594,,hybrid-DFT surfaces,6,1.225,"Kiyohara, Hinuma & Oba, J. Am. Chem. Soc. 146 (2024), doi:10.1021/jacs.3c13574, SI Data S1 (median over surfaces)"
Cr2(Bi2O5)3,Cr2(Bi2O5)3,-6.872,,hybrid-DFT surfaces,1,0.0,"Kiyohara, Hinuma & Oba, J. Am. Chem. Soc. 146 (2024), doi:10.1021/jacs.3c13574, SI Data S1 (median over surfaces)"
CrCdO4,CrCdO4,-8.608,,hybrid-DFT surfaces,1,0.0,"Kiyohara, Hinuma & Oba, J. Am. Chem. Soc. 146 (2024), doi:10.1021/jacs.3c13574, SI Data S1 (median over surfaces)"
CrO3,CrO3,-9.806,,hybrid-DFT surfaces,2,1.953,"Kiyohara, Hinuma & Oba, J. Am. Chem. Soc. 146 (2024), doi:10.1021/jacs.3c13574, SI Data S1 (median over surfaces)"
Cs2CeO3,Cs2CeO3,-5.435,,hybrid-DFT surfaces,1,0.0,"Kiyohara, Hinuma & Oba, J. Am. Chem. Soc. 146 (2024), doi:10.1021/jacs.3c13574, SI Data S1 (median over surfaces)"
Cs2HfO3,Cs2HfO3,-6.074,,hybrid-DFT surfaces,5,0.933,"Kiyohara, Hinuma & Oba, J. Am. Chem. Soc. 146 (2024), doi:10.1021/jacs.3c13574, SI Data S1 (median over surfaces)"
Cs2Mo3O10,Cs2Mo3O10,-8.774,,hybrid-DFT surfaces,1,0.0,"Kiyohara, Hinuma & Oba, J. Am. Chem. Soc. 146 (2024), doi:10.1021/jacs.3c13574, SI Data S1 (median over surfaces)"
Cs2MoO4,Cs2MoO4,-7.662,,hybrid-DFT surfaces,1,0.0,"Kiyohara, Hinuma & Oba, J. Am. Chem. Soc. 146 (2024), doi:10.1021/jacs.3c13574, SI Data S1 (median over surfaces)"
Cs2O,Cs2O,-3.317,,hybrid-DFT surfaces,13,0.946,"Kiyohara, Hinuma & Oba, J. Am. Chem. Soc. 146 (2024), doi:10.1021/jacs.3c13574, SI Data S1 (median over surfaces)"
Cs2PbO2,Cs2PbO2,-3.805,,hybrid-DFT surfaces,6,0.958,"Kiyohara, Hinuma & Oba, J. Am. Chem. Soc. 146 (2024), doi:10.1021/jacs.3c13574, SI Data S1 (median over surfaces)"
Cs2PbO3,Cs2PbO3,-4.952,,hybrid-DFT surfaces,1,0.0,"Kiyohara, Hinuma & Oba, J. Am. Chem. Soc. 146 (2024), doi:10.1021/jacs.3c13574, SI Data S1 (median over surfaces)"
Cs2Sn2O3,Cs2Sn2O3,-4.871,,hybrid-DFT surfaces,3,0.542,"Kiyohara, Hinuma & Oba, J. Am. Chem. Soc. 146 (2024), doi:10.1021/jacs.3c13574, SI Data S1 (median over surfaces)"
Cs2SnO3,Cs2SnO3,-5.729,,hybrid-DFT surfaces,6,1.178,"Kiyohara, Hinuma & Oba, J. Am. Chem. Soc. 146 (2024), doi:10.1021/jacs.3c13574, SI Data S1 (median over surfaces)"
Cs2TiO3,Cs2TiO3,-5.9,,hybrid-DFT surfaces,2,0.321,"Kiyohara, Hinuma & Oba, J. Am. Chem. Soc. 146 (2024), doi:10.1021/jacs.3c13574, SI Data S1 (median over surfaces)"
Cs2ZnO2,Cs2ZnO2,-4.185,,hybrid-DFT surfaces,2,0.498,"Kiyohara, Hinuma & Oba, J. Am. Chem. Soc. 146 (2024), doi:10.1021/jacs.3c13574, SI Data S1 (median over surfaces)"
Cs2ZrO3,Cs2ZrO3,-5.994,,hybrid-DFT surfaces,2,0.114,"Kiyohara, Hinuma & Oba, J. Am. Chem. Soc. 146 (2024), doi:10.1021/jacs.3c13574, SI Data S1 (median over surfaces)"
Cs3AlO3,Cs3AlO3,-4.892,,hybrid-DFT surfaces,3,0.365,"Kiyohara, Hinuma & Oba, J. Am. Chem. Soc. 146 (2024), doi:10.1021/jacs.3c13574, SI Data S1 (median over surfaces)"
Cs3BiO3,Cs3BiO3,-3.787,,hybrid-DFT surfaces,1,0.0,"Kiyohara, Hinuma & Oba, J. Am. Chem. Soc. 146 (2024), doi:10.1021/jacs.3c13574, SI Data S1 (median over surfaces)"
Cs3Cu5O4,Cs3Cu5O4,-5.307,,hybrid-DFT surfaces,1,0.0,"Kiyohara, Hinuma & Oba, J. Am. Chem. Soc. 146 (2024), doi:10.1021/jacs.3c13574, SI Data S1 (median over surfaces)"
Cs3GaO3,Cs3GaO3,-4.665,,hybrid-DFT surfaces,2,0.183,"Kiyohara, Hinuma & Oba, J. Am. Chem. Soc. 146 (2024), doi:10.1021/jacs.3c13574, SI Data S1 (median over surfaces)"
Cs3InO3,Cs3InO3,-5.168,,hybrid-DFT surfaces,4,0.435,"Kiyohara, Hinuma & Oba, J. Am. Chem. Soc. 146 (2024), doi:10.1021/jacs.3c13574, SI Data S1 (median over surfaces)"
Cs3SbO3,Cs3SbO3,-4.466,,hybrid-DFT surfaces,1,0.0,"Kiyohara, Hinuma & Oba, J. Am. Chem. Soc. 146 (2024), doi:10.1021/jacs.3c13574, SI Data S1 (median over surfaces)"
Cs3ScO3,Cs3ScO3,-4.879,,hybrid-DFT surfaces,2,0.23,"Kiyohara, Hinuma & Oba, J. Am. Chem. Soc. 146 (2024), doi:10.1021/jacs.3c13574, SI Data S1 (median over surfaces)"
Cs4SnO4,Cs4SnO4,-5.729,,hybrid-DFT surfaces,1,0.0,"Kiyohara, Hinuma & Oba, J. Am. Chem. Soc. 146 (2024), doi:10.1021/jacs.3c13574, SI Data S1 (median over surfaces)"
Cs4ZrO4,Cs4ZrO4,-4.566,,hybrid-DFT surfaces,1,0.0,"Kiyohara, Hinuma & Oba, J. Am. Chem. Soc. 146 (2024), doi:10.1021/jacs.3c13574, SI Data S1 (median over surfaces)"
Cs6Ge2O7,Cs6Ge2O7,-5.899,,hybrid-DFT surfaces,1,0.0,"Kiyohara, Hinuma & Oba, J. Am. Chem. Soc. 146 (2024), doi:10.1021/jacs.3c13574, SI Data S1 (median over surfaces)"
Cs6Ti2O7,Cs6Ti2O7,-5.352,,hybrid-DFT surfaces,2,0.038,"Kiyohara, Hinuma & Oba, J. Am. Chem. Soc. 146 (2024), doi:10.1021/jacs.3c13574, SI Data S1 (median over surfaces)"
Cs8In2O7,Cs8In2O7,-4.21,,hybrid-DFT surfaces,1,0.0,"Kiyohara, Hinuma & Oba, J. Am. Chem. Soc. 146 (2024), doi:10.1021/jacs.3c13574, SI Data S1 (median over surfaces)"
CsBiO2,CsBiO2,-5.152,,hybrid-DFT surfaces,10,1.984,"Kiyohara, Hinuma & Oba, J. Am. Chem. Soc. 146 (2024), doi:10.1021/jacs.3c13574, SI Data S1 (median over surfaces)"
CsCuO,CsCuO,-4.112,,hybrid-DFT surfaces,3,0.296,"Kiyohara, Hinuma & Oba, J. Am. Chem. Soc. 146 (2024), doi:10.1021/jacs.3c13574, SI Data S1 (median over surfaces)"
CsIn3O5,CsIn3O5,-7.863,,hybrid-DFT surfaces,1,0.0,"Kiyohara, Hinuma & Oba, J. Am. Chem. Soc. 146 (2024), doi:10.1021/jacs.3c13574, SI Data S1 (median over surfaces)"
CsNbO3,CsNbO3,-5.782,,hybrid-DFT surfaces,1,0.0,"Kiyohara, Hinuma & Oba, J. Am. Chem. Soc. 146 (2024), doi:10.1021/jacs.3c13574, SI Data S1 (median over surfaces)"
CsSbO2,CsSbO2,-5.19,,hybrid-DFT surfaces,4,0.599,"Kiyohara, Hinuma & Oba, J. Am. Chem. Soc. 146 (2024), doi:10.1021/jacs.3c13574, SI Data S1 (median over surfaces)"
CsTlO,CsTlO,-3.799,,hybrid-DFT surfaces,20,1.364,"Kiyohara, Hinuma & Oba, J. Am. Chem. Soc. 146 (2024), doi:10.1021/jacs.3c13574, SI Data S1 (median over surfaces)"
CsV3O8,CsV3O8,-8.368,,hybrid-DFT surfaces,1,0.0,"Kiyohara, Hinuma & Oba, J. Am. Chem. Soc. 146 (2024), doi:10.1021/jacs.3c13574, SI Data S1 (median over surfaces)"
CsVO3,CsVO3,-7.71,,hybrid-DFT surfaces,1,0.0,"Kiyohara, Hinuma & Oba, J. Am. Chem. Soc. 146 (2024), doi:10.1021/jacs.3c13574, SI Data S1 (median over surfaces)"
Cu2O,Cu2O,-4.781,,hybrid-DFT surfaces,3,0.415,"Kiyohara, Hinuma & Oba, J. Am. Chem. Soc. 146 (2024), doi:10.1021/jacs.3c13574, SI Data S1 (median over surfaces)"
Ga2O3,Ga2O3,-9.282,,hybrid-DFT surfaces,63,2.431,"Kiyohara, Hinuma & Oba, J. Am. Chem. Soc. 146 (2024), doi:10.1021/jacs.3c13574, SI Data S1 (median over surfaces)"
Ga4Bi2O9,Ga4Bi2O9,-8.097,,hybrid-DFT surfaces,1,0.0,"Kiyohara, Hinuma & Oba, J. Am. Chem. Soc. 146 (2024), doi:10.1021/jacs.3c13574, SI Data S1 (median over surfaces)"
Ga4GeO8,Ga4GeO8,-8.193,,hybrid-DFT surfaces,1,0.0,"Kiyohara, Hinuma & Oba, J. Am. Chem. Soc. 146 (2024), doi:10.1021/jacs.3c13574, SI Data S1 (median over surfaces)"
GeO2,GeO2,-9.799,,hybrid-DFT surfaces,106,5.263,"Kiyohara, Hinuma & Oba, J. Am. Chem. Soc. 146 (2024), doi:10.1021/jacs.3c13574, SI Data S1 (median over surfaces)"
GePb3O5,GePb3O5,-5.635,,hybrid-DFT surfaces,2,0.781,"Kiyohara, Hinuma & Oba, J. Am. Chem. Soc. 146 (2024), doi:10.1021/jacs.3c13574, SI Data S1 (median over surfaces)"
HfO2,HfO2,-8.208,,hybrid-DFT surfaces,280,5.331,"Kiyohara, Hinuma & Oba, J. Am. Chem. Soc. 146 (2024), doi:10.1021/jacs.3c13574, SI Data S1 (median over surfaces)"
HgMoO4,HgMoO4,-8.143,,hybrid-DFT surfaces,1,0.0,"Kiyohara, Hinuma & Oba, J. Am. Chem. Soc. 146 (2024), doi:10.1021/jacs.3c13574, SI Data S1 (median over surfaces)"
HgO,HgO,-7.166,,hybrid-DFT surfaces,44,1.861,"Kiyohara, Hinuma & Oba, J. Am. Chem. Soc. 146 (2024), doi:10.1021/jacs.3c13574, SI Data S1 (median over surfaces)"
In2Ge2O7,In2Ge2O7,-9.189,,hybrid-DFT surfaces,2,0.301,"Kiyohara, Hinuma & Oba, J. Am. Chem. Soc. 146 (2024), doi:10.1021/jacs.3c13574, SI Data S1 (median over surfaces)"
In2O3,In2O3,-8.108,,hybrid-DFT surfaces,38,2.145,"Kiyohara, Hinuma & Oba, J. Am. Chem. Soc. 146 (2024), doi:10.1021/jacs.3c13574, SI Data S1 (median over surfaces)"
InAgO2,InAgO2,-5.819,,hybrid-DFT surfaces,2,0.411,"Kiyohara, Hinuma & Oba, J. Am. Chem. Soc. 146 (2024), doi:10.1021/jacs.3c13574, SI Data S1 (median over surfaces)"
K2BeO2,K2BeO2,-5.842,,hybrid-DFT surfaces,3,0.285,"Kiyohara, Hinuma & Oba, J. Am. Chem. Soc. 146 (2024), doi:10.1021/jacs.3c13574, SI Data S1 (median over surfaces)"
K2Cd2O3,K2Cd2O3,-4.714,,hybrid-DFT surfaces,5,1.357,"Kiyohara, Hinuma & Oba, J. Am. Chem. Soc. 146 (2024), doi:10.1021/jacs.3c13574, SI Data S1 (median over surfaces)"
K2CdO2,K2CdO2,-5.026,,hybrid-DFT surfaces,4,0.515,"Kiyohara, Hinuma & Oba, J. Am. Chem. Soc. 146 (2024), doi:10.1021/jacs.3c13574, SI Data S1 (median over surfaces)"
K2CrO4,K2CrO4,-7.897,,hybrid-DFT surfaces,1,0.0,"Kiyohara, Hinuma & Oba, J. Am. Chem. Soc. 146 (2024), doi:10.1021/jacs.3c13574, SI Data S1 (median over surfaces)"
K2MgO2,K2MgO2,-5.24,,hybrid-DFT surfaces,2,1.269,"Kiyohara, Hinuma & Oba, J. Am. Chem. Soc. 146 (2024), doi:10.1021/jacs.3c13574, SI Data S1 (median over surfaces)"
K2Mo2O7,K2Mo2O7,-8.737,,hybrid-DFT surfaces,2,1.1,"Kiyohara, Hinuma & Oba, J. Am. Chem. Soc. 146 (2024), doi:10.1021/jacs.3c13574, SI Data S1 (median over surfaces)"
K2MoO4,K2MoO4,-8.488,,hybrid-DFT surfaces,2,1.17,"Kiyohara, Hinuma & Oba, J. Am. Chem. Soc. 146 (2024), doi:10.1021/jacs.3c13574, SI Data S1 (median over surfaces)"
K2O,K2O,-4.544,,hybrid-DFT surfaces,6,0.582,"Kiyohara, Hinuma & Oba, J. Am. Chem. Soc. 146 (2024), doi:10.1021/jacs.3c13574, SI Data S1 (median over surfaces)"
K2PbO2,K2PbO2,-4.846,,hybrid-DFT surfaces,6,1.404,"Kiyohara, Hinuma & Oba, J. Am. Chem. Soc. 146 (2024), doi:10.1021/jacs.3c13574, SI Data S1 (median over surfaces)"
K2PbO3,K2PbO3,-4.69,,hybrid-DFT surfaces,1,0.0,"Kiyohara, Hinuma & Oba, J. Am. Chem. Soc. 146 (2024), doi:10.1021/jacs.3c13574, SI Data S1 (median over surfaces)"
K2Sn2O3,K2Sn2O3,-3.387,,hybrid-DFT surfaces,4,0.014,"Kiyohara, Hinuma & Oba, J. Am. Chem. Soc. 146 (2024), doi:10.1021/jacs.3c13574, SI Data S1 (median over surfaces)"
K2Sn3O7,K2Sn3O7,-7.992,,hybrid-DFT surfaces,1,0.0,"Kiyohara, Hinuma & Oba, J. Am. Chem. Soc. 146 (2024), doi:10.1021/jacs.3c13574, SI Data S1 (median over surfaces)"
K2SnO2,K2SnO2,-3.843,,hybrid-DFT surfaces,10,1.157,"Kiyohara, Hinuma & Oba, J. Am. Chem. Soc. 146 (2024), doi:10.1021/jacs.3c13574, SI Data S1 (median over surfaces)"
K2SnO3,K2SnO3,-6.496,,hybrid-DFT surfaces,2,0.839,"Kiyohara, Hinuma & Oba, J. Am. Chem. Soc. 146 (2024), doi:10.1021/jacs.3c13574, SI Data S1 (median over surfaces)"
K2Ti2O5,K2Ti2O5,-7.704,,hybrid-DFT surfaces,1,0.0,"Kiyohara, Hinuma & Oba, J. Am. Chem. Soc. 146 (2024), doi:10.1021/jacs.3c13574, SI Data S1 (median over surfaces)"
K2WO4,K2WO4,-8.91,,hybrid-DFT surfaces,1,0.0,"Kiyohara, Hinuma & Oba, J. Am. Chem. Soc. 146 (2024), doi:10.1021/jacs.3c13574, SI Data S1 (median over surfaces)"
K2Zn3O4,K2Zn3O4,-5.81,,hybrid-DFT surfaces,2,2.29,"Kiyohara, Hinuma & Oba, J. Am. Chem. Soc. 146 (2024), doi:10.1021/jacs.3c13574, SI Data S1 (median over surfaces)"
K2ZrO3,K2ZrO3,-6.506,,hybrid-DFT surfaces,2,0.95,"Kiyohara, Hinuma & Oba, J. Am. Chem. Soc. 146 (2024), doi:10.1021/jacs.3c13574, SI Data S1 (median over surfaces)"
K3AlO3,K3AlO3,-5.985,,hybrid-DFT surfaces,7,1.588,"Kiyohara, Hinuma & Oba, J. Am. Chem. Soc. 146 (2024), doi:10.1021/jacs.3c13574, SI Data S1 (median over surfaces)"
K3GaO3,K3GaO3,-6.233,,hybrid-DFT surfaces,3,0.578,"Kiyohara, Hinuma & Oba, J. Am. Chem. Soc. 146 (2024), doi:10.1021/jacs.3c13574, SI Data S1 (median over surfaces)"
K4Be3O5,K4Be3O5,-6.09,,hybrid-DFT surfaces,2,1.065,"Kiyohara, Hinuma & Oba, J. Am. Chem. Soc. 146 (2024), doi:10.1021/jacs.3c13574, SI Data S1 (median over surfaces)"
K4GeO4,K4GeO4,-6.97,,hybrid-DFT surfaces,2,1.227,"Kiyohara, Hinuma & Oba, J. Am. Chem. Soc. 146 (2024), doi:10.1021/jacs.3c13574, SI Data S1 (median over surfaces)"
K4Hf5O12,K4Hf5O12,-6.897,,hybrid-DFT surfaces,1,0.0,"Kiyohara, Hinuma & Oba, J. Am. Chem. Soc. 146 (2024), doi:10.1021/jacs.3c13574, SI Data S1 (median over surfaces)"
K4HfO4,K4HfO4,-6.166,,hybrid-DFT surfaces,7,0.435,"Kiyohara, Hinuma & Oba, J. Am. Chem. Soc. 146 (2024), doi:10.1021/jacs.3c13574, SI Data S1 (median over surfaces)"
K4PbO4,K4PbO4,-6.207,,hybrid-DFT surfaces,7,0.826,"Kiyohara, Hinuma & Oba, J. Am. Chem. Soc. 146 (2024), doi:10.1021/jacs.3c13574, SI Data S1 (median over surfaces)"
K4Sb2O5,K4Sb2O5,-3.217,,hybrid-DFT surfaces,1,0.0,"Kiyohara, Hinuma & Oba, J. Am. Chem. Soc. 146 (2024), doi:10.1021/jacs.3c13574, SI Data S1 (median over surfaces)"
K4SiO4,K4SiO4,-6.811,,hybrid-DFT surfaces,2,1.74,"Kiyohara, Hinuma & Oba, J. Am. Chem. Soc. 146 (2024), doi:10.1021/jacs.3c13574, SI Data S1 (median over surfaces)"
K4SnO4,K4SnO4,-6.772,,hybrid-DFT surfaces,11,1.335,"Kiyohara, Hinuma & Oba, J. Am. Chem. Soc. 146 (2024), doi:10.1021/jacs.3c13574, SI Data S1 (median over surfaces)"
K4TiO4,K4TiO4,-6.034,,hybrid-DFT surfaces,6,1.249,"Kiyohara, Hinuma & Oba, J. Am. Chem. Soc. 146 (2024), doi:10.1021/jacs.3c13574, SI Data S1 (median over surfaces)"
K4ZnO3,K4ZnO3,-4.565,,hybrid-DFT surfaces,3,1.257,"Kiyohara, Hinuma & Oba, J. Am. Chem. Soc. 146 (2024), doi:10.1021/jacs.3c13574, SI Data S1 (median over surfaces)"
K4Zr5O12,K4Zr5O12,-6.514,,hybrid-DFT surfaces,1,0.0,"Kiyohara, Hinuma & Oba, J. Am. Chem. Soc. 146 (2024), doi:10.1021/jacs.3c13574, SI Data S1 (median over surfaces)"
K4ZrO4,K4ZrO4,-6.096,,hybrid-DFT surfaces,3,1.572,"Kiyohara, Hinuma & Oba, J. Am. Chem. Soc. 146 (2024), doi:10.1021/jacs.3c13574, SI Data S1 (median over surfaces)"
K6CdO4,K6CdO4,-4.439,,hybrid-DFT surfaces,1,0.0,"Kiyohara, Hinuma & Oba, J. Am. Chem. Soc. 146 (2024), doi:10.1021/jacs.3c13574, SI Data S1 (median over surfaces)"
K6Pb2O5,K6Pb2O5,-4.702,,hybrid-DFT surfaces,1,0.0,"Kiyohara, Hinuma & Oba, J. Am. Chem. Soc. 146 (2024), doi:10.1021/jacs.3c13574, SI Data S1 (median over surfaces)"
K6Ti2O7,K6Ti2O7,-6.232,,hybrid-DFT surfaces,2,0.111,"Kiyohara, Hinuma & Oba, J. Am. Chem. Soc. 146 (2024), doi:10.1021/jacs.3c13574, SI Data S1 (median over surfaces)"
KAgO,KAgO,-4.74,,hybrid-DFT surfaces,3,0.181,"Kiyohara, Hinuma & Oba, J. Am. Chem. Soc. 146 (2024), doi:10.1021/jacs.3c13574, SI Data S1 (median over surfaces)"
KAlO2,KAlO2,-7.995,,hybrid-DFT surfaces,1,0.0,"Kiyohara, Hinuma & Oba, J. Am. Chem. Soc. 146 (2024), doi:10.1021/jacs.3c13574, SI Data S1 (median over surfaces)"
KAsO2,KAsO2,-6.685,,hybrid-DFT surfaces,3,0.962,"Kiyohara, Hinuma & Oba, J. Am. Chem. Soc. 146 (2024), doi:10.1021/jacs.3c13574, SI Data S1 (median over surfaces)"
KBiO2,KBiO2,-4.792,,hybrid-DFT surfaces,12,1.888,"Kiyohara, Hinuma & Oba, J. Am. Chem. Soc. 146 (2024), doi:10.1021/jacs.3c13574, SI Data S1 (median over surfaces)"
KSbO2,KSbO2,-5.274,,hybrid-DFT surfaces,7,1.038,"Kiyohara, Hinuma & Oba, J. Am. Chem. Soc. 146 (2024), doi:10.1021/jacs.3c13574, SI Data S1 (median over surfaces)"
KTlO,KTlO,-3.913,,hybrid-DFT surfaces,17,1.396,"Kiyohara, Hinuma & Oba, J. Am. Chem. Soc. 146 (2024), doi:10.1021/jacs.3c13574, SI Data S1 (median over surfaces)"
KV3O8,KV3O8,-7.047,,hybrid-DFT surfaces,1,0.0,"Kiyohara, Hinuma & Oba, J. Am. Chem. Soc. 146 (2024), doi:10.1021/jacs.3c13574, SI Data S1 (median over surfaces)"
La2HgO4,La2HgO4,-5.212,,hybrid-DFT surfaces,3,1.064,"Kiyohara, Hinuma & Oba, J. Am. Chem. Soc. 146 (2024), doi:10.1021/jacs.3c13574, SI Data S1 (median over surfaces)"
La2O3,La2O3,-5.695,,hybrid-DFT surfaces,12,2.54,"Kiyohara, Hinuma & Oba, J. Am. Chem. Soc. 146 (2024), doi:10.1021/jacs.3c13574, SI Data S1 (median over surfaces)"
La2Si2O7,La2Si2O7,-8.723,,hybrid-DFT surfaces,1,0.0,"Kiyohara, Hinuma & Oba, J. Am. Chem. Soc. 146 (2024), doi:10.1021/jacs.3c13574, SI Data S1 (median over surfaces)"
La2WO6,La2WO6,-6.542,,hybrid-DFT surfaces,1,0.0,"Kiyohara, Hinuma & Oba, J. Am. Chem. Soc. 146 (2024), doi:10.1021/jacs.3c13574, SI Data S1 (median over surfaces)"
LaAgO2,LaAgO2,-5.717,,hybrid-DFT surfaces,1,0.0,"Kiyohara, Hinuma & Oba, J. Am. Chem. Soc. 146 (2024), doi:10.1021/jacs.3c13574, SI Data S1 (median over surfaces)"
LaAlO3,LaAlO3,-7.573,,hybrid-DFT surfaces,1,0.0,"Kiyohara, Hinuma & Oba, J. Am. Chem. Soc. 146 (2024), doi:10.1021/jacs.3c13574, SI Data S1 (median over surfaces)"
LaAsO3,LaAsO3,-5.33,,hybrid-DFT surfaces,5,1.589,"Kiyohara, Hinuma & Oba, J. Am. Chem. Soc. 146 (2024), doi:10.1021/jacs.3c13574, SI Data S1 (median over surfaces)"
LaScO3,LaScO3,-7.028,,hybrid-DFT surfaces,1,0.0,"Kiyohara, Hinuma & Oba, J. Am. Chem. Soc. 146 (2024), doi:10.1021/jacs.3c13574, SI Data S1 (median over surfaces)"
LaVO4,LaVO4,-6.763,,hybrid-DFT surfaces,1,0.0,"Kiyohara, Hinuma & Oba, J. Am. Chem. Soc. 146 (2024), doi:10.1021/jacs.3c13574, SI Data S1 (median over surfaces)"
Li2CeO3,Li2CeO3,-6.769,,hybrid-DFT surfaces,2,0.706,"Kiyohara, Hinuma & Oba, J. Am. Chem. Soc. 146 (2024), doi:10.1021/jacs.3c13574, SI Data S1 (median over surfaces)"
Li2GeO3,Li2GeO3,-9.175,,hybrid-DFT surfaces,3,0.461,"Kiyohara, Hinuma & Oba, J. Am. Chem. Soc. 146 (2024), doi:10.1021/jacs.3c13574, SI Data S1 (median over surfaces)"
Li2HfO3,Li2HfO3,-7.273,,hybrid-DFT surfaces,1,0.0,"Kiyohara, Hinuma & Oba, J. Am. Chem. Soc. 146 (2024), doi:10.1021/jacs.3c13574, SI Data S1 (median over surfaces)"
Li2O,Li2O,-7.331,,hybrid-DFT surfaces,5,1.015,"Kiyohara, Hinuma & Oba, J. Am. Chem. Soc. 146 (2024), doi:10.1021/jacs.3c13574, SI Data S1 (median over surfaces)"
Li2PbO3,Li2PbO3,-6.648,,hybrid-DFT surfaces,2,0.168,"Kiyohara, Hinuma & Oba, J. Am. Chem. Soc. 146 (2024), doi:10.1021/jacs.3c13574, SI Data S1 (median over surfaces)"
Li2SiO3,Li2SiO3,-9.411,,hybrid-DFT surfaces,1,0.0,"Kiyohara, Hinuma & Oba, J. Am. Chem. Soc. 146 (2024), doi:10.1021/jacs.3c13574, SI Data S1 (median over surfaces)"
Li3VO4,Li3VO4,-8.375,,hybrid-DFT surfaces,3,0.259,"Kiyohara, Hinuma & Oba, J. Am. Chem. Soc. 146 (2024), doi:10.1021/jacs.3c13574, SI Data S1 (median over surfaces)"
Li4GeO4,Li4GeO4,-7.971,,hybrid-DFT surfaces,1,0.0,"Kiyohara, Hinuma & Oba, J. Am. Chem. Soc. 146 (2024), doi:10.1021/jacs.3c13574, SI Data S1 (median over surfaces)"
Li4PbO4,Li4PbO4,-7.952,,hybrid-DFT surfaces,1,0.0,"Kiyohara, Hinuma & Oba, J. Am. Chem. Soc. 146 (2024), doi:10.1021/jacs.3c13574, SI Data S1 (median over surfaces)"
Li4TiO4,Li4TiO4,-7.366,,hybrid-DFT surfaces,1,0.0,"Kiyohara, Hinuma & Oba, J. Am. Chem. Soc. 146 (2024), doi:10.1021/jacs.3c13574, SI Data S1 (median over surfaces)"
Li5TaO5,Li5TaO5,-8.712,,hybrid-DFT surfaces,1,0.0,"Kiyohara, Hinuma & Oba, J. Am. Chem. Soc. 146 (2024), doi:10.1021/jacs.3c13574, SI Data S1 (median over surfaces)"
Li6ZnO4,Li6ZnO4,-7.637,,hybrid-DFT surfaces,2,1.386,"Kiyohara, Hinuma & Oba, J. Am. Chem. Soc. 146 (2024), doi:10.1021/jacs.3c13574, SI Data S1 (median over surfaces)"
LiAlO2,LiAlO2,-9.528,,hybrid-DFT surfaces,4,0.665,"Kiyohara, Hinuma & Oba, J. Am. Chem. Soc. 146 (2024), doi:10.1021/jacs.3c13574, SI Data S1 (median over surfaces)"
LiBiO2,LiBiO2,-5.661,,hybrid-DFT surfaces,10,0.555,"Kiyohara, Hinuma & Oba, J. Am. Chem. Soc. 146 (2024), doi:10.1021/jacs.3c13574, SI Data S1 (median over surfaces)"
LiGaO2,LiGaO2,-8.771,,hybrid-DFT surfaces,3,0.558,"Kiyohara, Hinuma & Oba, J. Am. Chem. Soc. 146 (2024), doi:10.1021/jacs.3c13574, SI Data S1 (median over surfaces)"
LiTa3O8,LiTa3O8,-9.202,,hybrid-DFT surfaces,4,1.903,"Kiyohara, Hinuma & Oba, J. Am. Chem. Soc. 146 (2024), doi:10.1021/jacs.3c13574, SI Data S1 (median over surfaces)"
LiVO3,LiVO3,-9.076,,hybrid-DFT surfaces,2,1.721,"Kiyohara, Hinuma & Oba, J. Am. Chem. Soc. 146 (2024), doi:10.1021/jacs.3c13574, SI Data S1 (median over surfaces)"
LiYO2,LiYO2,-7.009,,hybrid-DFT surfaces,7,1.84,"Kiyohara, Hinuma & Oba, J. Am. Chem. Soc. 146 (2024), doi:10.1021/jacs.3c13574, SI Data S1 (median over surfaces)"
Mg(SbO2)2,Mg(SbO2)2,-7.295,,hybrid-DFT surfaces,1,0.0,"Kiyohara, Hinuma & Oba, J. Am. Chem. Soc. 146 (2024), doi:10.1021/jacs.3c13574, SI Data S1 (median over surfaces)"
Mg2GeO4,Mg2GeO4,-7.874,,hybrid-DFT surfaces,1,0.0,"Kiyohara, Hinuma & Oba, J. Am. Chem. Soc. 146 (2024), doi:10.1021/jacs.3c13574, SI Data S1 (median over surfaces)"
Mg2V2O7,Mg2V2O7,-8.879,,hybrid-DFT surfaces,1,0.0,"Kiyohara, Hinuma & Oba, J. Am. Chem. Soc. 146 (2024), doi:10.1021/jacs.3c13574, SI Data S1 (median over surfaces)"
Mg4Nb2O9,Mg4Nb2O9,-7.605,,hybrid-DFT surfaces,1,0.0,"Kiyohara, Hinuma & Oba, J. Am. Chem. Soc. 146 (2024), doi:10.1021/jacs.3c13574, SI Data S1 (median over surfaces)"
MgGeO3,MgGeO3,-9.315,,hybrid-DFT surfaces,4,1.799,"Kiyohara, Hinuma & Oba, J. Am. Chem. Soc. 146 (2024), doi:10.1021/jacs.3c13574, SI Data S1 (median over surfaces)"
MgNb2O6,MgNb2O6,-8.846,,hybrid-DFT surfaces,1,0.0,"Kiyohara, Hinuma & Oba, J. Am. Chem. Soc. 146 (2024), doi:10.1021/jacs.3c13574, SI Data S1 (median over surfaces)"
MgO,MgO,-8.304,,hybrid-DFT surfaces,9,1.134,"Kiyohara, Hinuma & Oba, J. Am. Chem. Soc. 146 (2024), doi:10.1021/jacs.3c13574, SI Data S1 (median over surfaces)"
MgTi2O5,MgTi2O5,-8.31,,hybrid-DFT surfaces,5,1.724,"Kiyohara, Hinuma & Oba, J. Am. Chem. Soc. 146 (2024), doi:10.1021/jacs.3c13574, SI Data S1 (median over surfaces)"
MgTiO3,MgTiO3,-8.119,,hybrid-DFT surfaces,2,1.466,"Kiyohara, Hinuma & Oba, J. Am. Chem. Soc. 146 (2024), doi:10.1021/jacs.3c13574, SI Data S1 (median over surfaces)"
MgV2O6,MgV2O6,-8.737,,hybrid-DFT surfaces,3,0.23,"Kiyohara, Hinuma & Oba, J. Am. Chem. Soc. 146 (2024), doi:10.1021/jacs.3c13574, SI Data S1 (median over surfaces)"
MoO3,MoO3,-9.13,,hybrid-DFT surfaces,126,4.074,"Kiyohara, Hinuma & Oba, J. Am. Chem. Soc. 146 (2024), doi:10.1021/jacs.3c13574, SI Data S1 (median over surfaces)"
MoPb2O5,MoPb2O5,-6.122,,hybrid-DFT surfaces,2,0.087,"Kiyohara, Hinuma & Oba, J. Am. Chem. Soc. 146 (2024), doi:10.1021/jacs.3c13574, SI Data S1 (median over surfaces)"
Na2BeO2,Na2BeO2,-6.819,,hybrid-DFT surfaces,2,0.646,"Kiyohara, Hinuma & Oba, J. Am. Chem. Soc. 146 (2024), doi:10.1021/jacs.3c13574, SI Data S1 (median over surfaces)"
Na2GeO3,Na2GeO3,-8.511,,hybrid-DFT surfaces,3,1.375,"Kiyohara, Hinuma & Oba, J. Am. Chem. Soc. 146 (2024), doi:10.1021/jacs.3c13574, SI Data S1 (median over surfaces)"
Na2O,Na2O,-6.131,,hybrid-DFT surfaces,5,0.922,"Kiyohara, Hinuma & Oba, J. Am. Chem. Soc. 146 (2024), doi:10.1021/jacs.3c13574, SI Data S1 (median over surfaces)"
Na2Sb4O7,Na2Sb4O7,-5.491,,hybrid-DFT surfaces,1,0.0,"Kiyohara, Hinuma & Oba, J. Am. Chem. Soc. 146 (2024), doi:10.1021/jacs.3c13574, SI Data S1 (median over surfaces)"
Na2SiO3,Na2SiO3,-8.353,,hybrid-DFT surfaces,2,0.863,"Kiyohara, Hinuma & Oba, J. Am. Chem. Soc. 146 (2024), doi:10.1021/jacs.3c13574, SI Data S1 (median over surfaces)"
Na2Ti3O7,Na2Ti3O7,-8.325,,hybrid-DFT surfaces,4,1.869,"Kiyohara, Hinuma & Oba, J. Am. Chem. Soc. 146 (2024), doi:10.1021/jacs.3c13574, SI Data S1 (median over surfaces)"
Na2Zn2O3,Na2Zn2O3,-5.118,,hybrid-DFT surfaces,1,0.0,"Kiyohara, Hinuma & Oba, J. Am. Chem. Soc. 146 (2024), doi:10.1021/jacs.3c13574, SI Data S1 (median over surfaces)"
Na2ZnO2,Na2ZnO2,-6.043,,hybrid-DFT surfaces,2,0.128,"Kiyohara, Hinuma & Oba, J. Am. Chem. Soc. 146 (2024), doi:10.1021/jacs.3c13574, SI Data S1 (median over surfaces)"
Na3AuO2,Na3AuO2,-5.449,,hybrid-DFT surfaces,1,0.0,"Kiyohara, Hinuma & Oba, J. Am. Chem. Soc. 146 (2024), doi:10.1021/jacs.3c13574, SI Data S1 (median over surfaces)"
Na3SbO3,Na3SbO3,-5.627,,hybrid-DFT surfaces,1,0.0,"Kiyohara, Hinuma & Oba, J. Am. Chem. Soc. 146 (2024), doi:10.1021/jacs.3c13574, SI Data S1 (median over surfaces)"
Na3TlO2,Na3TlO2,-3.363,,hybrid-DFT surfaces,1,0.0,"Kiyohara, Hinuma & Oba, J. Am. Chem. Soc. 146 (2024), doi:10.1021/jacs.3c13574, SI Data S1 (median over surfaces)"
Na3VO4,Na3VO4,-7.612,,hybrid-DFT surfaces,1,0.0,"Kiyohara, Hinuma & Oba, J. Am. Chem. Soc. 146 (2024), doi:10.1021/jacs.3c13574, SI Data S1 (median over surfaces)"
Na4GeO4,Na4GeO4,-7.657,,hybrid-DFT surfaces,6,1.022,"Kiyohara, Hinuma & Oba, J. Am. Chem. Soc. 146 (2024), doi:10.1021/jacs.3c13574, SI Data S1 (median over surfaces)"
Na4PbO4,Na4PbO4,-6.383,,hybrid-DFT surfaces,6,0.922,"Kiyohara, Hinuma & Oba, J. Am. Chem. Soc. 146 (2024), doi:10.1021/jacs.3c13574, SI Data S1 (median over surfaces)"
Na4SiO4,Na4SiO4,-7.395,,hybrid-DFT surfaces,4,1.806,"Kiyohara, Hinuma & Oba, J. Am. Chem. Soc. 146 (2024), doi:10.1021/jacs.3c13574, SI Data S1 (median over surfaces)"
Na4SnO3,Na4SnO3,-4.589,,hybrid-DFT surfaces,1,0.0,"Kiyohara, Hinuma & Oba, J. Am. Chem. Soc. 146 (2024), doi:10.1021/jacs.3c13574, SI Data S1 (median over surfaces)"
Na4SnO4,Na4SnO4,-7.05,,hybrid-DFT surfaces,12,1.725,"Kiyohara, Hinuma & Oba, J. Am. Chem. Soc. 146 (2024), doi:10.1021/jacs.3c13574, SI Data S1 (median over surfaces)"
Na4TiO4,Na4TiO4,-7.142,,hybrid-DFT surfaces,4,0.681,"Kiyohara, Hinuma & Oba, J. Am. Chem. Soc. 146 (2024), doi:10.1021/jacs.3c13574, SI Data S1 (median over surfaces)"
Na5NbO5,Na5NbO5,-6.428,,hybrid-DFT surfaces,1,0.0,"Kiyohara, Hinuma & Oba, J. Am. Chem. Soc. 146 (2024), doi:10.1021/jacs.3c13574, SI Data S1 (median over surfaces)"
Na5TaO5,Na5TaO5,-6.011,,hybrid-DFT surfaces,2,0.934,"Kiyohara, Hinuma & Oba, J. Am. Chem. Soc. 146 (2024), doi:10.1021/jacs.3c13574, SI Data S1 (median over surfaces)"
Na6PbO5,Na6PbO5,-4.436,,hybrid-DFT surfaces,1,0.0,"Kiyohara, Hinuma & Oba, J. Am. Chem. Soc. 146 (2024), doi:10.1021/jacs.3c13574, SI Data S1 (median over surfaces)"
Na6ZnO4,Na6ZnO4,-4.49,,hybrid-DFT surfaces,1,0.0,"Kiyohara, Hinuma & Oba, J. Am. Chem. Soc. 146 (2024), doi:10.1021/jacs.3c13574, SI Data S1 (median over surfaces)"
NaAlO2,NaAlO2,-8.436,,hybrid-DFT surfaces,1,0.0,"Kiyohara, Hinuma & Oba, J. Am. Chem. Soc. 146 (2024), doi:10.1021/jacs.3c13574, SI Data S1 (median over surfaces)"
NaAsO2,NaAsO2,-6.61,,hybrid-DFT surfaces,1,0.0,"Kiyohara, Hinuma & Oba, J. Am. Chem. Soc. 146 (2024), doi:10.1021/jacs.3c13574, SI Data S1 (median over surfaces)"
NaBiO2,NaBiO2,-4.231,,hybrid-DFT surfaces,10,1.914,"Kiyohara, Hinuma & Oba, J. Am. Chem. Soc. 146 (2024), doi:10.1021/jacs.3c13574, SI Data S1 (median over surfaces)"
NaGaO2,NaGaO2,-8.524,,hybrid-DFT surfaces,2,0.124,"Kiyohara, Hinuma & Oba, J. Am. Chem. Soc. 146 (2024), doi:10.1021/jacs.3c13574, SI Data S1 (median over surfaces)"
NaNb3O8,NaNb3O8,-8.947,,hybrid-DFT surfaces,2,1.284,"Kiyohara, Hinuma & Oba, J. Am. Chem. Soc. 146 (2024), doi:10.1021/jacs.3c13574, SI Data S1 (median over surfaces)"
NaNbO3,NaNbO3,-8.843,,hybrid-DFT surfaces,1,0.0,"Kiyohara, Hinuma & Oba, J. Am. Chem. Soc. 146 (2024), doi:10.1021/jacs.3c13574, SI Data S1 (median over surfaces)"
NaTaO3,NaTaO3,-8.085,,hybrid-DFT surfaces,1,0.0,"Kiyohara, Hinuma & Oba, J. Am. Chem. Soc. 146 (2024), doi:10.1021/jacs.3c13574, SI Data S1 (median over surfaces)"
Nb2O5,Nb2O5,-8.614,,hybrid-DFT surfaces,40,3.743,"Kiyohara, Hinuma & Oba, J. Am. Chem. Soc. 146 (2024), doi:10.1021/jacs.3c13574, SI Data S1 (median over surfaces)"
NbAlO4,NbAlO4,-9.049,,hybrid-DFT surfaces,3,1.654,"Kiyohara, Hinuma & Oba, J. Am. Chem. Soc. 146 (2024), doi:10.1021/jacs.3c13574, SI Data S1 (median over surfaces)"
NbBiO4,NbBiO4,-6.821,,hybrid-DFT surfaces,3,1.773,"Kiyohara, Hinuma & Oba, J. Am. Chem. Soc. 146 (2024), doi:10.1021/jacs.3c13574, SI Data S1 (median over surfaces)"
NbGaO4,NbGaO4,-8.391,,hybrid-DFT surfaces,3,1.069,"Kiyohara, Hinuma & Oba, J. Am. Chem. Soc. 146 (2024), doi:10.1021/jacs.3c13574, SI Data S1 (median over surfaces)"
NbInO4,NbInO4,-9.165,,hybrid-DFT surfaces,3,0.938,"Kiyohara, Hinuma & Oba, J. Am. Chem. Soc. 146 (2024), doi:10.1021/jacs.3c13574, SI Data S1 (median over surfaces)"
PbO,PbO,-5.741,,hybrid-DFT surfaces,57,1.892,"Kiyohara, Hinuma & Oba, J. Am. Chem. Soc. 146 (2024), doi:10.1021/jacs.3c13574, SI Data S1 (median over surfaces)"
PbO2,PbO2,-7.668,,hybrid-DFT surfaces,19,2.36,"Kiyohara, Hinuma & Oba, J. Am. Chem. Soc. 146 (2024), doi:10.1021/jacs.3c13574, SI Data S1 (median over surfaces)"
PbWO4,PbWO4,-6.32,,hybrid-DFT surfaces,1,0.0,"Kiyohara, Hinuma & Oba, J. Am. Chem. Soc. 146 (2024), doi:10.1021/jacs.3c13574, SI Data S1 (median over surfaces)"
Rb2Be2O3,Rb2Be2O3,-6.855,,hybrid-DFT surfaces,1,0.0,"Kiyohara, Hinuma & Oba, J. Am. Chem. Soc. 146 (2024), doi:10.1021/jacs.3c13574, SI Data S1 (median over surfaces)"
Rb2Cd2O3,Rb2Cd2O3,-4.422,,hybrid-DFT surfaces,2,0.776,"Kiyohara, Hinuma & Oba, J. Am. Chem. Soc. 146 (2024), doi:10.1021/jacs.3c13574, SI Data S1 (median over surfaces)"
Rb2CdO2,Rb2CdO2,-4.336,,hybrid-DFT surfaces,4,0.808,"Kiyohara, Hinuma & Oba, J. Am. Chem. Soc. 146 (2024), doi:10.1021/jacs.3c13574, SI Data S1 (median over surfaces)"
Rb2CrO4,Rb2CrO4,-8.285,,hybrid-DFT surfaces,1,0.0,"Kiyohara, Hinuma & Oba, J. Am. Chem. Soc. 146 (2024), doi:10.1021/jacs.3c13574, SI Data S1 (median over surfaces)"
Rb2In4O7,Rb2In4O7,-6.313,,hybrid-DFT surfaces,1,0.0,"Kiyohara, Hinuma & Oba, J. Am. Chem. Soc. 146 (2024), doi:10.1021/jacs.3c13574, SI Data S1 (median over surfaces)"
Rb2Mo3O10,Rb2Mo3O10,-8.939,,hybrid-DFT surfaces,1,0.0,"Kiyohara, Hinuma & Oba, J. Am. Chem. Soc. 146 (2024), doi:10.1021/jacs.3c13574, SI Data S1 (median over surfaces)"
Rb2O,Rb2O,-3.605,,hybrid-DFT surfaces,12,1.272,"Kiyohara, Hinuma & Oba, J. Am. Chem. Soc. 146 (2024), doi:10.1021/jacs.3c13574, SI Data S1 (median over surfaces)"
Rb2Pb2O3,Rb2Pb2O3,-3.824,,hybrid-DFT surfaces,2,0.004,"Kiyohara, Hinuma & Oba, J. Am. Chem. Soc. 146 (2024), doi:10.1021/jacs.3c13574, SI Data S1 (median over surfaces)"
Rb2PbO2,Rb2PbO2,-3.998,,hybrid-DFT surfaces,4,1.205,"Kiyohara, Hinuma & Oba, J. Am. Chem. Soc. 146 (2024), doi:10.1021/jacs.3c13574, SI Data S1 (median over surfaces)"
Rb2PbO3,Rb2PbO3,-6.066,,hybrid-DFT surfaces,4,1.839,"Kiyohara, Hinuma & Oba, J. Am. Chem. Soc. 146 (2024), doi:10.1021/jacs.3c13574, SI Data S1 (median over surfaces)"
Rb2SnO2,Rb2SnO2,-3.977,,hybrid-DFT surfaces,5,1.071,"Kiyohara, Hinuma & Oba, J. Am. Chem. Soc. 146 (2024), doi:10.1021/jacs.3c13574, SI Data S1 (median over surfaces)"
Rb2TiO3,Rb2TiO3,-6.492,,hybrid-DFT surfaces,3,0.64,"Kiyohara, Hinuma & Oba, J. Am. Chem. Soc. 146 (2024), doi:10.1021/jacs.3c13574, SI Data S1 (median over surfaces)"
Rb2WO4,Rb2WO4,-8.843,,hybrid-DFT surfaces,3,1.202,"Kiyohara, Hinuma & Oba, J. Am. Chem. Soc. 146 (2024), doi:10.1021/jacs.3c13574, SI Data S1 (median over surfaces)"
Rb2Zn3O4,Rb2Zn3O4,-5.651,,hybrid-DFT surfaces,1,0.0,"Kiyohara, Hinuma & Oba, J. Am. Chem. Soc. 146 (2024), doi:10.1021/jacs.3c13574, SI Data S1 (median over surfaces)"
Rb2ZnO2,Rb2ZnO2,-4.883,,hybrid-DFT surfaces,3,0.494,"Kiyohara, Hinuma & Oba, J. Am. Chem. Soc. 146 (2024), doi:10.1021/jacs.3c13574, SI Data S1 (median over surfaces)"
Rb2ZrO3,Rb2ZrO3,-6.372,,hybrid-DFT surfaces,1,0.0,"Kiyohara, Hinuma & Oba, J. Am. Chem. Soc. 146 (2024), doi:10.1021/jacs.3c13574, SI Data S1 (median over surfaces)"
Rb3AlO3,Rb3AlO3,-5.042,,hybrid-DFT surfaces,4,1.491,"Kiyohara, Hinuma & Oba, J. Am. Chem. Soc. 146 (2024), doi:10.1021/jacs.3c13574, SI Data S1 (median over surfaces)"
Rb3BiO3,Rb3BiO3,-4.369,,hybrid-DFT surfaces,2,0.953,"Kiyohara, Hinuma & Oba, J. Am. Chem. Soc. 146 (2024), doi:10.1021/jacs.3c13574, SI Data S1 (median over surfaces)"
Rb3CuO2,Rb3CuO2,-3.828,,hybrid-DFT surfaces,1,0.0,"Kiyohara, Hinuma & Oba, J. Am. Chem. Soc. 146 (2024), doi:10.1021/jacs.3c13574, SI Data S1 (median over surfaces)"
Rb3GaO3,Rb3GaO3,-5.348,,hybrid-DFT surfaces,5,1.138,"Kiyohara, Hinuma & Oba, J. Am. Chem. Soc. 146 (2024), doi:10.1021/jacs.3c13574, SI Data S1 (median over surfaces)"
Rb3InO3,Rb3InO3,-5.813,,hybrid-DFT surfaces,3,0.506,"Kiyohara, Hinuma & Oba, J. Am. Chem. Soc. 146 (2024), doi:10.1021/jacs.3c13574, SI Data S1 (median over surfaces)"
Rb3SbO3,Rb3SbO3,-4.92,,hybrid-DFT surfaces,2,0.194,"Kiyohara, Hinuma & Oba, J. Am. Chem. Soc. 146 (2024), doi:10.1021/jacs.3c13574, SI Data S1 (median over surfaces)"
Rb4GeO4,Rb4GeO4,-5.878,,hybrid-DFT surfaces,1,0.0,"Kiyohara, Hinuma & Oba, J. Am. Chem. Soc. 146 (2024), doi:10.1021/jacs.3c13574, SI Data S1 (median over surfaces)"
Rb4PbO4,Rb4PbO4,-5.847,,hybrid-DFT surfaces,6,0.811,"Kiyohara, Hinuma & Oba, J. Am. Chem. Soc. 146 (2024), doi:10.1021/jacs.3c13574, SI Data S1 (median over surfaces)"
Rb4SnO4,Rb4SnO4,-5.531,,hybrid-DFT surfaces,11,1.403,"Kiyohara, Hinuma & Oba, J. Am. Chem. Soc. 146 (2024), doi:10.1021/jacs.3c13574, SI Data S1 (median over surfaces)"
Rb4TiO4,Rb4TiO4,-5.055,,hybrid-DFT surfaces,3,1.095,"Kiyohara, Hinuma & Oba, J. Am. Chem. Soc. 146 (2024), doi:10.1021/jacs.3c13574, SI Data S1 (median over surfaces)"
Rb6CdO4,Rb6CdO4,-3.187,,hybrid-DFT surfaces,1,0.0,"Kiyohara, Hinuma & Oba, J. Am. Chem. Soc. 146 (2024), doi:10.1021/jacs.3c13574, SI Data S1 (median over surfaces)"
Rb6Ti2O7,Rb6Ti2O7,-6.23,,hybrid-DFT surfaces,1,0.0,"Kiyohara, Hinuma & Oba, J. Am. Chem. Soc. 146 (2024), doi:10.1021/jacs.3c13574, SI Data S1 (median over surfaces)"
Rb8Ta6O19,Rb8Ta6O19,-7.786,,hybrid-DFT surfaces,1,0.0,"Kiyohara, Hinuma & Oba, J. Am. Chem. Soc. 146 (2024), doi:10.1021/jacs.3c13574, SI Data S1 (median over surfaces)"
RbBiO2,RbBiO2,-4.814,,hybrid-DFT surfaces,11,1.454,"Kiyohara, Hinuma & Oba, J. Am. Chem. Soc. 146 (2024), doi:10.1021/jacs.3c13574, SI Data S1 (median over surfaces)"
RbSbO2,RbSbO2,-4.699,,hybrid-DFT surfaces,6,0.677,"Kiyohara, Hinuma & Oba, J. Am. Chem. Soc. 146 (2024), doi:10.1021/jacs.3c13574, SI Data S1 (median over surfaces)"
RbTaO3,RbTaO3,-7.13,,hybrid-DFT surfaces,1,0.0,"Kiyohara, Hinuma & Oba, J. Am. Chem. Soc. 146 (2024), doi:10.1021/jacs.3c13574, SI Data S1 (median over surfaces)"
RbTlO,RbTlO,-3.604,,hybrid-DFT surfaces,11,1.126,"Kiyohara, Hinuma & Oba, J. Am. Chem. Soc. 146 (2024), doi:10.1021/jacs.3c13574, SI Data S1 (median over surfaces)"
RbYO2,RbYO2,-5.484,,hybrid-DFT surfaces,1,0.0,"Kiyohara, Hinuma & Oba, J. Am. Chem. Soc. 146 (2024), doi:10.1021/jacs.3c13574, SI Data S1 (median over surfaces)"
Sb2O3,Sb2O3,-6.037,,hybrid-DFT surfaces,89,2.669,"Kiyohara, Hinuma & Oba, J. Am. Chem. Soc. 146 (2024), doi:10.1021/jacs.3c13574, SI Data S1 (median over surfaces)"
Sb2WO6,Sb2WO6,-6.71,,hybrid-DFT surfaces,3,0.422,"Kiyohara, Hinuma & Oba, J. Am. Chem. Soc. 146 (2024), doi:10.1021/jacs.3c13574, SI Data S1 (median over surfaces)"
SbAsO3,SbAsO3,-5.941,,hybrid-DFT surfaces,2,0.472,"Kiyohara, Hinuma & Oba, J. Am. Chem. Soc. 146 (2024), doi:10.1021/jacs.3c13574, SI Data S1 (median over surfaces)"
Sc2O3,Sc2O3,-7.304,,hybrid-DFT surfaces,31,2.411,"Kiyohara, Hinuma & Oba, J. Am. Chem. Soc. 146 (2024), doi:10.1021/jacs.3c13574, SI Data S1 (median over surfaces)"
Sc2Si2O7,Sc2Si2O7,-8.214,,hybrid-DFT surfaces,1,0.0,"Kiyohara, Hinuma & Oba, J. Am. Chem. Soc. 146 (2024), doi:10.1021/jacs.3c13574, SI Data S1 (median over surfaces)"
Sc2Ti2O7,Sc2Ti2O7,-8.926,,hybrid-DFT surfaces,2,0.019,"Kiyohara, Hinuma & Oba, J. Am. Chem. Soc. 146 (2024), doi:10.1021/jacs.3c13574, SI Data S1 (median over surfaces)"
ScAgO2,ScAgO2,-5.623,,hybrid-DFT surfaces,1,0.0,"Kiyohara, Hinuma & Oba, J. Am. Chem. Soc. 146 (2024), doi:10.1021/jacs.3c13574, SI Data S1 (median over surfaces)"
ScCuO2,ScCuO2,-5.321,,hybrid-DFT surfaces,1,0.0,"Kiyohara, Hinuma & Oba, J. Am. Chem. Soc. 146 (2024), doi:10.1021/jacs.3c13574, SI Data S1 (median over surfaces)"
ScNbO4,ScNbO4,-7.847,,hybrid-DFT surfaces,7,1.445,"Kiyohara, Hinuma & Oba, J. Am. Chem. Soc. 146 (2024), doi:10.1021/jacs.3c13574, SI Data S1 (median over surfaces)"
ScTaO4,ScTaO4,-8.276,,hybrid-DFT surfaces,6,1.325,"Kiyohara, Hinuma & Oba, J. Am. Chem. Soc. 146 (2024), doi:10.1021/jacs.3c13574, SI Data S1 (median over surfaces)"
SiO2,SiO2,-11.247,,hybrid-DFT surfaces,99,5.348,"Kiyohara, Hinuma & Oba, J. Am. Chem. Soc. 146 (2024), doi:10.1021/jacs.3c13574, SI Data S1 (median over surfaces)"
SnO,SnO,-5.436,,hybrid-DFT surfaces,47,1.573,"Kiyohara, Hinuma & Oba, J. Am. Chem. Soc. 146 (2024), doi:10.1021/jacs.3c13574, SI Data S1 (median over surfaces)"
SnO2,SnO2,-9.183,,hybrid-DFT surfaces,60,2.07,"Kiyohara, Hinuma & Oba, J. Am. Chem. Soc. 146 (2024), doi:10.1021/jacs.3c13574, SI Data S1 (median over surfaces)"
Sr(BiO2)2,Sr(BiO2)2,-5.216,,hybrid-DFT surfaces,2,0.225,"Kiyohara, Hinuma & Oba, J. Am. Chem. Soc. 146 (2024), doi:10.1021/jacs.3c13574, SI Data S1 (median over surfaces)"
Sr2Bi2O5,Sr2Bi2O5,-5.479,,hybrid-DFT surfaces,2,0.641,"Kiyohara, Hinuma & Oba, J. Am. Chem. Soc. 146 (2024), doi:10.1021/jacs.3c13574, SI Data S1 (median over surfaces)"
Sr2CeO4,Sr2CeO4,-5.811,,hybrid-DFT surfaces,1,0.0,"Kiyohara, Hinuma & Oba, J. Am. Chem. Soc. 146 (2024), doi:10.1021/jacs.3c13574, SI Data S1 (median over surfaces)"
Sr2GeO4,Sr2GeO4,-6.74,,hybrid-DFT surfaces,1,0.0,"Kiyohara, Hinuma & Oba, J. Am. Chem. Soc. 146 (2024), doi:10.1021/jacs.3c13574, SI Data S1 (median over surfaces)"
Sr2PbO4,Sr2PbO4,-5.671,,hybrid-DFT surfaces,2,0.146,"Kiyohara, Hinuma & Oba, J. Am. Chem. Soc. 146 (2024), doi:10.1021/jacs.3c13574, SI Data S1 (median over surfaces)"
Sr2SiO4,Sr2SiO4,-6.629,,hybrid-DFT surfaces,3,0.974,"Kiyohara, Hinuma & Oba, J. Am. Chem. Soc. 146 (2024), doi:10.1021/jacs.3c13574, SI Data S1 (median over surfaces)"
Sr2Ta2O7,Sr2Ta2O7,-7.538,,hybrid-DFT surfaces,1,0.0,"Kiyohara, Hinuma & Oba, J. Am. Chem. Soc. 146 (2024), doi:10.1021/jacs.3c13574, SI Data S1 (median over surfaces)"
Sr3V2O8,Sr3V2O8,-6.573,,hybrid-DFT surfaces,1,0.0,"Kiyohara, Hinuma & Oba, J. Am. Chem. Soc. 146 (2024), doi:10.1021/jacs.3c13574, SI Data S1 (median over surfaces)"
SrAl4O7,SrAl4O7,-8.431,,hybrid-DFT surfaces,1,0.0,"Kiyohara, Hinuma & Oba, J. Am. Chem. Soc. 146 (2024), doi:10.1021/jacs.3c13574, SI Data S1 (median over surfaces)"
SrBe3O4,SrBe3O4,-8.059,,hybrid-DFT surfaces,1,0.0,"Kiyohara, Hinuma & Oba, J. Am. Chem. Soc. 146 (2024), doi:10.1021/jacs.3c13574, SI Data S1 (median over surfaces)"
SrCrO4,SrCrO4,-8.8,,hybrid-DFT surfaces,1,0.0,"Kiyohara, Hinuma & Oba, J. Am. Chem. Soc. 146 (2024), doi:10.1021/jacs.3c13574, SI Data S1 (median over surfaces)"
SrGa4O7,SrGa4O7,-9.563,,hybrid-DFT surfaces,1,0.0,"Kiyohara, Hinuma & Oba, J. Am. Chem. Soc. 146 (2024), doi:10.1021/jacs.3c13574, SI Data S1 (median over surfaces)"
SrHfO3,SrHfO3,-8.072,,hybrid-DFT surfaces,2,0.434,"Kiyohara, Hinuma & Oba, J. Am. Chem. Soc. 146 (2024), doi:10.1021/jacs.3c13574, SI Data S1 (median over surfaces)"
SrIn2O4,SrIn2O4,-7.795,,hybrid-DFT surfaces,3,2.776,"Kiyohara, Hinuma & Oba, J. Am. Chem. Soc. 146 (2024), doi:10.1021/jacs.3c13574, SI Data S1 (median over surfaces)"
SrO,SrO,-5.623,,hybrid-DFT surfaces,5,0.261,"Kiyohara, Hinuma & Oba, J. Am. Chem. Soc. 146 (2024), doi:10.1021/jacs.3c13574, SI Data S1 (median over surfaces)"
SrPbO3,SrPbO3,-6.655,,hybrid-DFT surfaces,1,0.0,"Kiyohara, Hinuma & Oba, J. Am. Chem. Soc. 146 (2024), doi:10.1021/jacs.3c13574, SI Data S1 (median over surfaces)"
SrSc2O4,SrSc2O4,-7.289,,hybrid-DFT surfaces,2,0.48,"Kiyohara, Hinuma & Oba, J. Am. Chem. Soc. 146 (2024), doi:10.1021/jacs.3c13574, SI Data S1 (median over surfaces)"
SrSnO3,SrSnO3,-7.727,,hybrid-DFT surfaces,2,0.276,"Kiyohara, Hinuma & Oba, J. Am. Chem. Soc. 146 (2024), doi:10.1021/jacs.3c13574, SI Data S1 (median over surfaces)"
SrTa2O6,SrTa2O6,-8.267,,hybrid-DFT surfaces,1,0.0,"Kiyohara, Hinuma & Oba, J. Am. Chem. Soc. 146 (2024), doi:10.1021/jacs.3c13574, SI Data S1 (median over surfaces)"
Ta2CdO6,Ta2CdO6,-8.665,,hybrid-DFT surfaces,1,0.0,"Kiyohara, Hinuma & Oba, J. Am. Chem. Soc. 146 (2024), doi:10.1021/jacs.3c13574, SI Data S1 (median over surfaces)"
Ta2O5,Ta2O5,-8.751,,hybrid-DFT surfaces,42,4.404,"Kiyohara, Hinuma & Oba, J. Am. Chem. Soc. 146 (2024), doi:10.1021/jacs.3c13574, SI Data S1 (median over surfaces)"
TaAlO4,TaAlO4,-9.075,,hybrid-DFT surfaces,4,1.096,"Kiyohara, Hinuma & Oba, J. Am. Chem. Soc. 146 (2024), doi:10.1021/jacs.3c13574, SI Data S1 (median over surfaces)"
TaBiO4,TaBiO4,-7.848,,hybrid-DFT surfaces,5,1.878,"Kiyohara, Hinuma & Oba, J. Am. Chem. Soc. 146 (2024), doi:10.1021/jacs.3c13574, SI Data S1 (median over surfaces)"
TaInO4,TaInO4,-9.321,,hybrid-DFT surfaces,6,1.522,"Kiyohara, Hinuma & Oba, J. Am. Chem. Soc. 146 (2024), doi:10.1021/jacs.3c13574, SI Data S1 (median over surfaces)"
TaSbO4,TaSbO4,-7.725,,hybrid-DFT surfaces,3,1.013,"Kiyohara, Hinuma & Oba, J. Am. Chem. Soc. 146 (2024), doi:10.1021/jacs.3c13574, SI Data S1 (median over surfaces)"
TaVO5,TaVO5,-7.826,,hybrid-DFT surfaces,1,0.0,"Kiyohara, Hinuma & Oba, J. Am. Chem. Soc. 146 (2024), doi:10.1021/jacs.3c13574, SI Data S1 (median over surfaces)"
Ti3PbO7,Ti3PbO7,-6.27,,hybrid-DFT surfaces,2,0.924,"Kiyohara, Hinuma & Oba, J. Am. Chem. Soc. 146 (2024), doi:10.1021/jacs.3c13574, SI Data S1 (median over surfaces)"
TiCdO3,TiCdO3,-7.986,,hybrid-DFT surfaces,1,0.0,"Kiyohara, Hinuma & Oba, J. Am. Chem. Soc. 146 (2024), doi:10.1021/jacs.3c13574, SI Data S1 (median over surfaces)"
TiO2,TiO2,-7.857,,hybrid-DFT surfaces,259,4.98,"Kiyohara, Hinuma & Oba, J. Am. Chem. Soc. 146 (2024), doi:10.1021/jacs.3c13574, SI Data S1 (median over surfaces)"
TiSnO3,TiSnO3,-5.247,,hybrid-DFT surfaces,1,0.0,"Kiyohara, Hinuma & Oba, J. Am. Chem. Soc. 146 (2024), doi:10.1021/jacs.3c13574, SI Data S1 (median over surfaces)"
TiTl2O3,TiTl2O3,-5.814,,hybrid-DFT surfaces,2,0.09,"Kiyohara, Hinuma & Oba, J. Am. Chem. Soc. 146 (2024), doi:10.1021/jacs.3c13574, SI Data S1 (median over surfaces)"
Tl2O,Tl2O,-4.219,,hybrid-DFT surfaces,5,0.583,"Kiyohara, Hinuma & Oba, J. Am. Chem. Soc. 146 (2024), doi:10.1021/jacs.3c13574, SI Data S1 (median over surfaces)"
Tl2SnO3,Tl2SnO3,-5.066,,hybrid-DFT surfaces,3,0.471,"Kiyohara, Hinuma & Oba, J. Am. Chem. Soc. 146 (2024), doi:10.1021/jacs.3c13574, SI Data S1 (median over surfaces)"
V2Cd2O7,V2Cd2O7,-7.796,,hybrid-DFT surfaces,2,0.387,"Kiyohara, Hinuma & Oba, J. Am. Chem. Soc. 146 (2024), doi:10.1021/jacs.3c13574, SI Data S1 (median over surfaces)"
V2CdO6,V2CdO6,-8.806,,hybrid-DFT surfaces,1,0.0,"Kiyohara, Hinuma & Oba, J. Am. Chem. Soc. 146 (2024), doi:10.1021/jacs.3c13574, SI Data S1 (median over surfaces)"
V2Hg2O7,V2Hg2O7,-6.081,,hybrid-DFT surfaces,1,0.0,"Kiyohara, Hinuma & Oba, J. Am. Chem. Soc. 146 (2024), doi:10.1021/jacs.3c13574, SI Data S1 (median over surfaces)"
V2O5,V2O5,-8.838,,hybrid-DFT surfaces,87,3.435,"Kiyohara, Hinuma & Oba, J. Am. Chem. Soc. 146 (2024), doi:10.1021/jacs.3c13574, SI Data S1 (median over surfaces)"
V2Pb2O7,V2Pb2O7,-7.1,,hybrid-DFT surfaces,1,0.0,"Kiyohara, Hinuma & Oba, J. Am. Chem. Soc. 146 (2024), doi:10.1021/jacs.3c13574, SI Data S1 (median over surfaces)"
VAg3O4,VAg3O4,-5.366,,hybrid-DFT surfaces,1,0.0,"Kiyohara, Hinuma & Oba, J. Am. Chem. Soc. 146 (2024), doi:10.1021/jacs.3c13574, SI Data S1 (median over surfaces)"
VBiO4,VBiO4,-7.786,,hybrid-DFT surfaces,1,0.0,"Kiyohara, Hinuma & Oba, J. Am. Chem. Soc. 146 (2024), doi:10.1021/jacs.3c13574, SI Data S1 (median over surfaces)"
WO3,WO3,-9.009,,hybrid-DFT surfaces,8,0.423,"Kiyohara, Hinuma & Oba, J. Am. Chem. Soc. 146 (2024), doi:10.1021/jacs.3c13574, SI Data S1 (median over surfaces)"
Y2Ge2O7,Y2Ge2O7,-8.736,,hybrid-DFT surfaces,1,0.0,"Kiyohara, Hinuma & Oba, J. Am. Chem. Soc. 146 (2024), doi:10.1021/jacs.3c13574, SI Data S1 (median over surfaces)"
Y2GeO5,Y2GeO5,-8.181,,hybrid-DFT surfaces,1,0.0,"Kiyohara, Hinuma & Oba, J. Am. Chem. Soc. 146 (2024), doi:10.1021/jacs.3c13574, SI Data S1 (median over surfaces)"
Y2MoO6,Y2MoO6,-7.626,,hybrid-DFT surfaces,1,0.0,"Kiyohara, Hinuma & Oba, J. Am. Chem. Soc. 146 (2024), doi:10.1021/jacs.3c13574, SI Data S1 (median over surfaces)"
Y2O3,Y2O3,-6.693,,hybrid-DFT surfaces,30,2.321,"Kiyohara, Hinuma & Oba, J. Am. Chem. Soc. 146 (2024), doi:10.1021/jacs.3c13574, SI Data S1 (median over surfaces)"
Y2SiO5,Y2SiO5,-8.222,,hybrid-DFT surfaces,1,0.0,"Kiyohara, Hinuma & Oba, J. Am. Chem. Soc. 146 (2024), doi:10.1021/jacs.3c13574, SI Data S1 (median over surfaces)"
Y2TiO5,Y2TiO5,-8.186,,hybrid-DFT surfaces,2,0.522,"Kiyohara, Hinuma & Oba, J. Am. Chem. Soc. 146 (2024), doi:10.1021/jacs.3c13574, SI Data S1 (median over surfaces)"
Y4Zr3O12,Y4Zr3O12,-7.087,,hybrid-DFT surfaces,4,1.908,"Kiyohara, Hinuma & Oba, J. Am. Chem. Soc. 146 (2024), doi:10.1021/jacs.3c13574, SI Data S1 (median over surfaces)"
YAgO2,YAgO2,-6.058,,hybrid-DFT surfaces,1,0.0,"Kiyohara, Hinuma & Oba, J. Am. Chem. Soc. 146 (2024), doi:10.1021/jacs.3c13574, SI Data S1 (median over surfaces)"
YNbO4,YNbO4,-7.891,,hybrid-DFT surfaces,6,1.456,"Kiyohara, Hinuma & Oba, J. Am. Chem. Soc. 146 (2024), doi:10.1021/jacs.3c13574, SI Data S1 (median over surfaces)"
YTaO4,YTaO4,-8.094,,hybrid-DFT surfaces,8,2.369,"Kiyohara, Hinuma & Oba, J. Am. Chem. Soc. 146 (2024), doi:10.1021/jacs.3c13574, SI Data S1 (median over surfaces)"
YVO4,YVO4,-7.87,,hybrid-DFT surfaces,4,2.099,"Kiyohara, Hinuma & Oba, J. Am. Chem. Soc. 146 (2024), doi:10.1021/jacs.3c13574, SI Data S1 (median over surfaces)"
ZnO,ZnO,-7.603,,hybrid-DFT surfaces,36,2.188,"Kiyohara, Hinuma & Oba, J. Am. Chem. Soc. 146 (2024), doi:10.1021/jacs.3c13574, SI Data S1 (median over surfaces)"
Zr(MoO4)2,Zr(MoO4)2,-10.416,,hybrid-DFT surfaces,1,0.0,"Kiyohara, Hinuma & Oba, J. Am. Chem. Soc. 146 (2024), doi:10.1021/jacs.3c13574, SI Data S1 (median over surfaces)"
ZrO2,ZrO2,-7.79,,hybrid-DFT surfaces,198,5.082,"Kiyohara, Hinuma & Oba, J. Am. Chem. Soc. 146 (2024), doi:10.1021/jacs.3c13574, SI Data S1 (median over surfaces)"
ZrSiO4,ZrSiO4,-9.894,,hybrid-DFT surfaces,3,1.866,"Kiyohara, Hinuma & Oba, J. Am. Chem. Soc. 146 (2024), doi:10.1021/jacs.3c13574, SI Data S1 (median over surfaces)"
AlN,AlN,-8.21,-2.1,measured,1,0.0,"EA from InterMat Table 1, experimental column (Choudhary & Garrity, Digital Discovery 2024, doi:10.1039/D4DD00031E; original measurement ref [66] therein); gap: Borlido et al., JCTC 15, 5069 (2019)"
AlSb,AlSb,-5.34,-3.65,measured,1,0.0,"EA from InterMat Table 1, experimental column (Choudhary & Garrity, Digital Discovery 2024, doi:10.1039/D4DD00031E; original measurement ref [32] therein); gap: Borlido et al., JCTC 15, 5069 (2019)"
Cs2SnI6,Cs2SnI6,-6.4,-4.8,measured,1,0.0,"Saparov et al., Chem. Mater. 28, 2315 (2016), doi:10.1021/acs.chemmater.6b00433, abstract (IP 6.4 eV, EA 4.8 eV, optical gap 1.6 eV)"
CsPbBr3,CsPbBr3,-6.53,-4.17,measured,1,0.0,"Tao et al., Nat. Commun. 10, 2560 (2019), doi:10.1038/s41467-019-10468-7, Table 1 (UPS/IPES; optical gap)"
CsPbCl3,CsPbCl3,-6.8,-3.77,measured,1,0.0,"Tao et al., Nat. Commun. 10, 2560 (2019), doi:10.1038/s41467-019-10468-7, Table 1 (UPS/IPES; optical gap)"
CsPbI3,CsPbI3,-6.25,-4.47,measured,1,0.0,"Tao et al., Nat. Commun. 10, 2560 (2019), doi:10.1038/s41467-019-10468-7, Table 1 (UPS/IPES; optical gap)"
CsSnBr3,CsSnBr3,-5.82,-4.07,measured,1,0.0,"Tao et al., Nat. Commun. 10, 2560 (2019), doi:10.1038/s41467-019-10468-7, Table 1 (UPS/IPES; optical gap)"
CsSnCl3,CsSnCl3,-6.44,-3.47,measured,1,0.0,"Tao et al., Nat. Commun. 10, 2560 (2019), doi:10.1038/s41467-019-10468-7, Table 1 (UPS/IPES; optical gap)"
CsSnI3,CsSnI3,-5.69,-4.38,measured,1,0.0,"Tao et al., Nat. Commun. 10, 2560 (2019), doi:10.1038/s41467-019-10468-7, Table 1 (UPS/IPES; optical gap)"
CuCSN,CuSCN,-5.3,,measured,1,0.0,"Schulz, Cahen & Kahn, Chem. Rev. 119, 3349 (2019), doi:10.1021/acs.chemrev.8b00558, Sec. 3 inorganic HTLs (IE of CuSCN 5.3 eV)"
CuI,CuI,-5.2,,measured,1,0.0,"Schulz, Cahen & Kahn, Chem. Rev. 119, 3349 (2019), doi:10.1021/acs.chemrev.8b00558, Sec. 3 inorganic HTLs (IE of CuI 5.2 eV)"
CuSbS2,CuSbS2,-4.98,-3.43,measured,1,0.0,"Whittles, Veal, Savory, Welch et al., ACS Appl. Mater. Interfaces 9, 41916 (2017), doi:10.1021/acsami.7b14208, abstract (IP 4.98 eV, EA 3.43 eV)"
GaAs,GaAs,-5.59,-4.07,measured,1,0.0,"EA from InterMat Table 1, experimental column (Choudhary & Garrity, Digital Discovery 2024, doi:10.1039/D4DD00031E; original measurement ref [57] therein); gap: Borlido et al., JCTC 15, 5069 (2019)"
GaN,GaN,-6.8,-3.3,measured,1,0.0,"EA from InterMat Table 1, experimental column (Choudhary & Garrity, Digital Discovery 2024, doi:10.1039/D4DD00031E; original measurement ref [68] therein); gap: Borlido et al., JCTC 15, 5069 (2019)"
GaP,GaP,-6.65,-4.3,measured,1,0.0,"EA from InterMat Table 1, experimental column (Choudhary & Garrity, Digital Discovery 2024, doi:10.1039/D4DD00031E; original measurement ref [57] therein); gap: Borlido et al., JCTC 15, 5069 (2019)"
GaSb,GaSb,-4.88,-4.06,measured,1,0.0,"EA from InterMat Table 1, experimental column (Choudhary & Garrity, Digital Discovery 2024, doi:10.1039/D4DD00031E; original measurement ref [32] therein); gap: Borlido et al., JCTC 15, 5069 (2019)"
Ge,Ge,-4.87,-4.13,measured,1,0.0,"EA from InterMat Table 1, experimental column (Choudhary & Garrity, Digital Discovery 2024, doi:10.1039/D4DD00031E; original measurement ref [32] therein); gap: Borlido et al., JCTC 15, 5069 (2019)"
H5PbCBr3N2,FAPbBr3,-6.7,-4.51,measured,1,0.0,"Tao et al., Nat. Commun. 10, 2560 (2019), doi:10.1038/s41467-019-10468-7, Table 1 (UPS/IPES; optical gap)"
H5PbCI3N2,FAPbI3,-6.24,-4.74,measured,1,0.0,"Tao et al., Nat. Commun. 10, 2560 (2019), doi:10.1038/s41467-019-10468-7, Table 1 (UPS/IPES; optical gap)"
H5PbCN2Cl3,FAPbCl3,-6.94,-3.98,measured,1,0.0,"Tao et al., Nat. Commun. 10, 2560 (2019), doi:10.1038/s41467-019-10468-7, Table 1 (UPS/IPES; optical gap)"
H6PbCBr3N,MAPbBr3,-6.6,-4.25,measured,1,0.0,"Tao et al., Nat. Commun. 10, 2560 (2019), doi:10.1038/s41467-019-10468-7, Table 1 (UPS/IPES; optical gap)"
H6PbCI3N,MAPbI3,-5.93,-4.36,measured,1,0.0,"Tao et al., Nat. Commun. 10, 2560 (2019), doi:10.1038/s41467-019-10468-7, Table 1 (UPS/IPES; optical gap)"
H6PbCNCl3,MAPbCl3,-6.92,-3.77,measured,1,0.0,"Tao et al., Nat. Commun. 10, 2560 (2019), doi:10.1038/s41467-019-10468-7, Table 1 (UPS/IPES; optical gap)"
In2O3,In2O3,-7.0,,measured,1,0.0,"Klein et al., Materials 3, 4892 (2010), doi:10.3390/ma3114892, Fig. 2c discussion (undoped In2O3 IP ≈ 7.0 eV)"
InAs,InAs,-5.32,-4.9,measured,1,0.0,"EA from InterMat Table 1, experimental column (Choudhary & Garrity, Digital Discovery 2024, doi:10.1039/D4DD00031E; original measurement ref [32] therein); gap: Borlido et al., JCTC 15, 5069 (2019)"
InP,InP,-5.77,-4.35,measured,1,0.0,"EA from InterMat Table 1, experimental column (Choudhary & Garrity, Digital Discovery 2024, doi:10.1039/D4DD00031E; original measurement ref [57] therein); gap: Borlido et al., JCTC 15, 5069 (2019)"
MoO3,MoO3,-9.7,-6.7,measured,1,0.0,"Meyer & Kahn, J. Photonics Energy 1, 011109 (2011), doi:10.1117/1.3555081, abstract (fresh MoO3 IE 9.7 eV, EA 6.7 eV; air exposure lowers both by ~1 eV to 8.6/5.5 eV)"
NiO,NiO,-5.305,,measured,2,0.21,"Li et al., Nat. Commun. 14, 6441 (2023), doi:10.1038/s41467-023-41929-9, Fig. 3b (NiOx VBM −5.2 eV) | Zhang et al., Adv. Sci. 7, 1903044 (2020), doi:10.1002/advs.201903044 (NiOx VBM −5.41 eV from UPS)"
Si,Si,-5.22,-4.05,measured,1,0.0,"EA from InterMat Table 1, experimental column (Choudhary & Garrity, Digital Discovery 2024, doi:10.1039/D4DD00031E; original measurement ref [57] therein); gap: Borlido et al., JCTC 15, 5069 (2019)"
SnH5CBr3N2,FASnBr3,-6.23,-3.6,measured,1,0.0,"Tao et al., Nat. Commun. 10, 2560 (2019), doi:10.1038/s41467-019-10468-7, Table 1 (UPS/IPES; optical gap)"
SnH5CI3N2,FASnI3,-5.34,-4.12,measured,1,0.0,"Tao et al., Nat. Commun. 10, 2560 (2019), doi:10.1038/s41467-019-10468-7, Table 1 (UPS/IPES; optical gap)"
SnH5CN2Cl3,FASnCl3,-7.33,-3.83,measured,1,0.0,"Tao et al., Nat. Commun. 10, 2560 (2019), doi:10.1038/s41467-019-10468-7, Table 1 (UPS/IPES; optical gap)"
SnH6CBr3N,MASnBr3,-5.67,-3.42,measured,1,0.0,"Tao et al., Nat. Commun. 10, 2560 (2019), doi:10.1038/s41467-019-10468-7, Table 1 (UPS/IPES; optical gap)"
SnH6CI3N,MASnI3,-5.39,-4.07,measured,1,0.0,"Tao et al., Nat. Commun. 10, 2560 (2019), doi:10.1038/s41467-019-10468-7, Table 1 (UPS/IPES; optical gap)"
SnH6CNCl3,MASnCl3,-6.85,-3.36,measured,1,0.0,"Tao et al., Nat. Commun. 10, 2560 (2019), doi:10.1038/s41467-019-10468-7, Table 1 (UPS/IPES; optical gap)"
SnO2,SnO2,-8.4,,measured,2,1.0,"Klein et al., Materials 3, 4892 (2010), doi:10.3390/ma3114892, Fig. 4a discussion (SnO2-based films: IP 7.9 eV under reducing deposition) | Klein et al., Materials 3, 4892 (2010), doi:10.3390/ma3114892, Fig. 4a discussion (SnO2-based films: IP 8.9 eV under oxidizing deposition / sintered ceramics)"
SnS,SnS,-4.71,,measured,1,0.0,"Whittles, Burton, Skelton, Walsh et al., Chem. Mater. 28, 3718 (2016), doi:10.1021/acs.chemmater.6b00397, abstract (SnS IP 4.71 eV)"
TiO2,TiO2,-7.96,,measured,1,0.0,"Kashiwaya, Morasch, Streibel, Toupance, Jaegermann & Klein, Surfaces 1, 73 (2018), doi:10.3390/surfaces1010007, abstract (anatase IP 7.96±0.15 eV for all but O-plasma-treated surfaces; rutile ~0.56 eV lower)"
ZnO,ZnO,-7.35,,measured,2,0.9,"Klein et al., Materials 3, 4892 (2010), doi:10.3390/ma3114892, Sec. on AZO/ZnO (IP 7.8 eV for O-terminated (000-1) and nonpolar (10-10) ZnO surfaces) | Klein et al., Materials 3, 4892 (2010), doi:10.3390/ma3114892, Sec. on AZO/ZnO (IP 6.9 eV for Zn-terminated (0001) ZnO surface)"
ZnTe,ZnTe,-5.78,-3.5,measured,1,0.0,"EA from InterMat Table 1, experimental column (Choudhary & Garrity, Digital Discovery 2024, doi:10.1039/D4DD00031E; original measurement ref [32] therein); gap: consensus of experimental compilations in this DB"
organic:C60,C60,-6.4,-4.0,measured,2,0.0,"Olthof, ..., Kahn, Phys. Rev. Lett. 109, 176601 (2012), doi:10.1103/PhysRevLett.109.176601, text (intrinsic C60: IE 6.4 eV, EA 3.9 eV) | Schulz et al., Adv. Mater. Interfaces 2, 1400532 (2015), doi:10.1002/admi.201400532, as reported in Schulz, Cahen & Kahn, Chem. Rev. 119, 3349 (2019), doi:10.1021/acs.chemrev.8b00558, Sec. 3 (C60 EA 4.1 eV, IE 6.4 eV)"
organic:PCBM,PCBM,-5.96,-3.9,measured,1,0.0,"Akaike, Kanai, Yoshida, Tsutsumi et al., J. Appl. Phys. 104, 023710 (2008), doi:10.1063/1.2957588, abstract (solid-phase threshold IE 5.96±0.02 eV, EA 3.9±0.1 eV)"
organic:Spiro-OMeTAD,Spiro-OMeTAD,-5.1,-1.8,measured,2,0.2,"Ono, Schulz, Endres, Nikiforov, Kato, Kahn & Qi, J. Phys. Chem. Lett. 5, 1374 (2014), doi:10.1021/jz500414m (pristine spiro-MeOTAD IE 5.0 eV, EA 1.7 eV; value read from publisher-page text, full PDF not retrievable here) | Schulz, Cahen & Kahn, Chem. Rev. 119, 3349 (2019), doi:10.1021/acs.chemrev.8b00558, Sec. 3 (spiro-MeOTAD IE 5.2 eV, citing Kim et al. Sci. Rep. 2, 591 (2012))"
