source,method,n_records,n_materials,n_vacuum_edges
borlido_expt,experiment,472,453,0
castelli_perovskites,GLLB-SC,18928,9646,18928
dielectric_constant,PBE,1056,964,0
double_perovskites_gap,GLLB-SC,1306,1216,0
expt_gap,experiment,6353,4920,0
expt_gap_kingsbury,experiment,4604,4604,0
foundry_ml_exp_bandgaps,experiment,2069,1439,0
jarvis_dft_2d,HSE06,54,54,0
jarvis_dft_2d,OptB88vdW,1103,879,0
jarvis_dft_2d,TBmBJ,246,198,0
jarvis_dft_3d,HSE06,56,56,0
jarvis_dft_3d,OptB88vdW,93902,65321,0
jarvis_dft_3d,TBmBJ,21559,16624,0
jarvis_halide_perovskites,HSE06,229,229,0
jarvis_halide_perovskites,PBE,229,229,0
jarvis_surfacedb,DFT-surface-OptB88vdW,607,322,607
jarvis_surfacedb,DFT-surface-TBmBJ,388,192,388
mp_nostruct_20181018,PBE,83987,56750,0
snumat,HSE06,10481,8730,0
snumat,PBE,10481,8730,0
wolverton_oxides,PBE,4914,2646,0
