material,formula,phase_tag,material_class,role,gap,vbm,cbm,ip,ea,method,edge_reference,reference
CsPbI3,CsPbI3,,inorganic_bulk,absorber,1.72,,,6.25,4.47,UPS/IPES,vacuum,"Tao et al., Nat. Commun. 10, 2560 (2019), doi:10.1038/s41467-019-10468-7, Table 1 (UPS/IPES; optical gap)"
CsPbBr3,CsPbBr3,,inorganic_bulk,absorber,2.31,,,6.53,4.17,UPS/IPES,vacuum,"Tao et al., Nat. Commun. 10, 2560 (2019), doi:10.1038/s41467-019-10468-7, Table 1 (UPS/IPES; optical gap)"
CsPbCl3,CsPbCl3,,inorganic_bulk,absorber,2.99,,,6.8,3.77,UPS/IPES,vacuum,"Tao et al., Nat. Commun. 10, 2560 (2019), doi:10.1038/s41467-019-10468-7, Table 1 (UPS/IPES; optical gap)"
MAPbI3,CH3NH3PbI3,,inorganic_bulk,absorber,1.59,,,5.93,4.36,UPS/IPES,vacuum,"Tao et al., Nat. Commun. 10, 2560 (2019), doi:10.1038/s41467-019-10468-7, Table 1 (UPS/IPES; optical gap)"
MAPbBr3,CH3NH3PbBr3,,inorganic_bulk,absorber,2.3,,,6.6,4.25,UPS/IPES,vacuum,"Tao et al., Nat. Commun. 10, 2560 (2019), doi:10.1038/s41467-019-10468-7, Table 1 (UPS/IPES; optical gap)"
MAPbCl3,CH3NH3PbCl3,,inorganic_bulk,absorber,3.04,,,6.92,3.77,UPS/IPES,vacuum,"Tao et al., Nat. Commun. 10, 2560 (2019), doi:10.1038/s41467-019-10468-7, Table 1 (UPS/IPES; optical gap)"
FAPbI3,CH5N2PbI3,,inorganic_bulk,absorber,1.51,,,6.24,4.74,UPS/IPES,vacuum,"Tao et al., Nat. Commun. 10, 2560 (2019), doi:10.1038/s41467-019-10468-7, Table 1 (UPS/IPES; optical gap)"
FAPbBr3,CH5N2PbBr3,,inorganic_bulk,absorber,2.25,,,6.7,4.51,UPS/IPES,vacuum,"Tao et al., Nat. Commun. 10, 2560 (2019), doi:10.1038/s41467-019-10468-7, Table 1 (UPS/IPES; optical gap)"
FAPbCl3,CH5N2PbCl3,,inorganic_bulk,absorber,3.02,,,6.94,3.98,UPS/IPES,vacuum,"Tao et al., Nat. Commun. 10, 2560 (2019), doi:10.1038/s41467-019-10468-7, Table 1 (UPS/IPES; optical gap)"
CsSnI3,CsSnI3,,inorganic_bulk,absorber,1.25,,,5.69,4.38,UPS/IPES,vacuum,"Tao et al., Nat. Commun. 10, 2560 (2019), doi:10.1038/s41467-019-10468-7, Table 1 (UPS/IPES; optical gap)"
CsSnBr3,CsSnBr3,,inorganic_bulk,absorber,1.75,,,5.82,4.07,UPS/IPES,vacuum,"Tao et al., Nat. Commun. 10, 2560 (2019), doi:10.1038/s41467-019-10468-7, Table 1 (UPS/IPES; optical gap)"
CsSnCl3,CsSnCl3,,inorganic_bulk,absorber,2.88,,,6.44,3.47,UPS/IPES,vacuum,"Tao et al., Nat. Commun. 10, 2560 (2019), doi:10.1038/s41467-019-10468-7, Table 1 (UPS/IPES; optical gap)"
MASnI3,CH3NH3SnI3,,inorganic_bulk,absorber,1.24,,,5.39,4.07,UPS/IPES,vacuum,"Tao et al., Nat. Commun. 10, 2560 (2019), doi:10.1038/s41467-019-10468-7, Table 1 (UPS/IPES; optical gap)"
MASnBr3,CH3NH3SnBr3,,inorganic_bulk,absorber,2.13,,,5.67,3.42,UPS/IPES,vacuum,"Tao et al., Nat. Commun. 10, 2560 (2019), doi:10.1038/s41467-019-10468-7, Table 1 (UPS/IPES; optical gap)"
MASnCl3,CH3NH3SnCl3,,inorganic_bulk,absorber,3.5,,,6.85,3.36,UPS/IPES,vacuum,"Tao et al., Nat. Commun. 10, 2560 (2019), doi:10.1038/s41467-019-10468-7, Table 1 (UPS/IPES; optical gap)"
FASnI3,CH5N2SnI3,,inorganic_bulk,absorber,1.24,,,5.34,4.12,UPS/IPES,vacuum,"Tao et al., Nat. Commun. 10, 2560 (2019), doi:10.1038/s41467-019-10468-7, Table 1 (UPS/IPES; optical gap)"
FASnBr3,CH5N2SnBr3,,inorganic_bulk,absorber,2.63,,,6.23,3.6,UPS/IPES,vacuum,"Tao et al., Nat. Commun. 10, 2560 (2019), doi:10.1038/s41467-019-10468-7, Table 1 (UPS/IPES; optical gap)"
FASnCl3,CH5N2SnCl3,,inorganic_bulk,absorber,3.55,,,7.33,3.83,UPS/IPES,vacuum,"Tao et al., Nat. Commun. 10, 2560 (2019), doi:10.1038/s41467-019-10468-7, Table 1 (UPS/IPES; optical gap)"
Si,Si,,inorganic_bulk,,1.17,,,,4.05,electron affinity (various),vacuum,"EA from InterMat Table 1, experimental column (Choudhary & Garrity, Digital Discovery 2024, doi:10.1039/D4DD00031E; original measurement ref [57] therein); gap: Borlido et al., JCTC 15, 5069 (2019)"
Ge,Ge,,inorganic_bulk,,0.74,,,,4.13,electron affinity (various),vacuum,"EA from InterMat Table 1, experimental column (Choudhary & Garrity, Digital Discovery 2024, doi:10.1039/D4DD00031E; original measurement ref [32] therein); gap: Borlido et al., JCTC 15, 5069 (2019)"
GaAs,GaAs,,inorganic_bulk,,1.52,,,,4.07,electron affinity (various),vacuum,"EA from InterMat Table 1, experimental column (Choudhary & Garrity, Digital Discovery 2024, doi:10.1039/D4DD00031E; original measurement ref [57] therein); gap: Borlido et al., JCTC 15, 5069 (2019)"
InAs,InAs,,inorganic_bulk,,0.42,,,,4.9,electron affinity (various),vacuum,"EA from InterMat Table 1, experimental column (Choudhary & Garrity, Digital Discovery 2024, doi:10.1039/D4DD00031E; original measurement ref [32] therein); gap: Borlido et al., JCTC 15, 5069 (2019)"
AlSb,AlSb,,inorganic_bulk,,1.69,,,,3.65,electron affinity (various),vacuum,"EA from InterMat Table 1, experimental column (Choudhary & Garrity, Digital Discovery 2024, doi:10.1039/D4DD00031E; original measurement ref [32] therein); gap: Borlido et al., JCTC 15, 5069 (2019)"
GaSb,GaSb,,inorganic_bulk,,0.82,,,,4.06,electron affinity (various),vacuum,"EA from InterMat Table 1, experimental column (Choudhary & Garrity, Digital Discovery 2024, doi:10.1039/D4DD00031E; original measurement ref [32] therein); gap: Borlido et al., JCTC 15, 5069 (2019)"
AlN,AlN,,inorganic_bulk,,6.11,,,,2.1,electron affinity (various),vacuum,"EA from InterMat Table 1, experimental column (Choudhary & Garrity, Digital Discovery 2024, doi:10.1039/D4DD00031E; original measurement ref [66] therein); gap: Borlido et al., JCTC 15, 5069 (2019)"
GaN,GaN,,inorganic_bulk,,3.5,,,,3.3,electron affinity (various),vacuum,"EA from InterMat Table 1, experimental column (Choudhary & Garrity, Digital Discovery 2024, doi:10.1039/D4DD00031E; original measurement ref [68] therein); gap: Borlido et al., JCTC 15, 5069 (2019)"
GaP,GaP,,inorganic_bulk,,2.35,,,,4.3,electron affinity (various),vacuum,"EA from InterMat Table 1, experimental column (Choudhary & Garrity, Digital Discovery 2024, doi:10.1039/D4DD00031E; original measurement ref [57] therein); gap: Borlido et al., JCTC 15, 5069 (2019)"
InP,InP,,inorganic_bulk,,1.42,,,,4.35,electron affinity (various),vacuum,"EA from InterMat Table 1, experimental column (Choudhary & Garrity, Digital Discovery 2024, doi:10.1039/D4DD00031E; original measurement ref [57] therein); gap: Borlido et al., JCTC 15, 5069 (2019)"
ZnTe,ZnTe,,inorganic_bulk,,2.28,,,,3.5,electron affinity (various),vacuum,"EA from InterMat Table 1, experimental column (Choudhary & Garrity, Digital Discovery 2024, doi:10.1039/D4DD00031E; original measurement ref [32] therein); gap: consensus of experimental compilations in this DB"
PCBM,organic:PCBM,,organic,ETL,,,,5.96,3.9,UPS/IPES (thin film),vacuum,"Akaike, Kanai, Yoshida, Tsutsumi et al., J. Appl. Phys. 104, 023710 (2008), doi:10.1063/1.2957588, abstract (solid-phase threshold IE 5.96±0.02 eV, EA 3.9±0.1 eV)"
C60,organic:C60,,organic,ETL,,,,6.4,3.9,UPS/IPES (intrinsic film),vacuum,"Olthof, ..., Kahn, Phys. Rev. Lett. 109, 176601 (2012), doi:10.1103/PhysRevLett.109.176601, text (intrinsic C60: IE 6.4 eV, EA 3.9 eV)"
C60 [on MAPbI3],organic:C60,,organic,ETL,,,,6.4,4.1,UPS/IPES (thick film on MAPbI3),vacuum,"Schulz et al., Adv. Mater. Interfaces 2, 1400532 (2015), doi:10.1002/admi.201400532, as reported in Schulz, Cahen & Kahn, Chem. Rev. 119, 3349 (2019), doi:10.1021/acs.chemrev.8b00558, Sec. 3 (C60 EA 4.1 eV, IE 6.4 eV)"
Spiro-OMeTAD,organic:Spiro-OMeTAD,,organic,HTL,,,,5.0,1.7,UPS/IPES (pristine UHV film),vacuum,"Ono, Schulz, Endres, Nikiforov, Kato, Kahn & Qi, J. Phys. Chem. Lett. 5, 1374 (2014), doi:10.1021/jz500414m (pristine spiro-MeOTAD IE 5.0 eV, EA 1.7 eV; value read from publisher-page text, full PDF not retrievable here)"
Spiro-OMeTAD [Chem Rev],organic:Spiro-OMeTAD,,organic,HTL,,,,5.2,,photoemission (as compiled),vacuum,"Schulz, Cahen & Kahn, Chem. Rev. 119, 3349 (2019), doi:10.1021/acs.chemrev.8b00558, Sec. 3 (spiro-MeOTAD IE 5.2 eV, citing Kim et al. Sci. Rep. 2, 591 (2012))"
MoO3,MoO3,,inorganic_bulk,HTL,,,,9.7,6.7,UPS/IPES (freshly evaporated film),vacuum,"Meyer & Kahn, J. Photonics Energy 1, 011109 (2011), doi:10.1117/1.3555081, abstract (fresh MoO3 IE 9.7 eV, EA 6.7 eV; air exposure lowers both by ~1 eV to 8.6/5.5 eV)"
TiO2 [anatase],TiO2,,inorganic_bulk,ETL,,,,7.96,,XPS/UPS (anatase films and crystals),vacuum,"Kashiwaya, Morasch, Streibel, Toupance, Jaegermann & Klein, Surfaces 1, 73 (2018), doi:10.3390/surfaces1010007, abstract (anatase IP 7.96±0.15 eV for all but O-plasma-treated surfaces; rutile ~0.56 eV lower)"
ZnO [O-face/nonpolar],ZnO,,inorganic_bulk,ETL,,,,7.8,,XPS/UPS (surface-dependent),vacuum,"Klein et al., Materials 3, 4892 (2010), doi:10.3390/ma3114892, Sec. on AZO/ZnO (IP 7.8 eV for O-terminated (000-1) and nonpolar (10-10) ZnO surfaces)"
ZnO [Zn-face],ZnO,,inorganic_bulk,ETL,,,,6.9,,XPS/UPS (surface-dependent),vacuum,"Klein et al., Materials 3, 4892 (2010), doi:10.3390/ma3114892, Sec. on AZO/ZnO (IP 6.9 eV for Zn-terminated (0001) ZnO surface)"
SnO2 [reduced],SnO2,,inorganic_bulk,ETL,,,,7.9,,XPS/UPS (surface-dependent),vacuum,"Klein et al., Materials 3, 4892 (2010), doi:10.3390/ma3114892, Fig. 4a discussion (SnO2-based films: IP 7.9 eV under reducing deposition)"
SnO2 [oxidized],SnO2,,inorganic_bulk,ETL,,,,8.9,,XPS/UPS (surface-dependent),vacuum,"Klein et al., Materials 3, 4892 (2010), doi:10.3390/ma3114892, Fig. 4a discussion (SnO2-based films: IP 8.9 eV under oxidizing deposition / sintered ceramics)"
In2O3,In2O3,,inorganic_bulk,ETL,,,,7.0,,XPS/UPS (undoped films),vacuum,"Klein et al., Materials 3, 4892 (2010), doi:10.3390/ma3114892, Fig. 2c discussion (undoped In2O3 IP ≈ 7.0 eV)"
NiO [NiOx UPS a],NiO,,inorganic_bulk,HTL,,-5.2,,,,UPS (NiOx film),vacuum,"Li et al., Nat. Commun. 14, 6441 (2023), doi:10.1038/s41467-023-41929-9, Fig. 3b (NiOx VBM −5.2 eV)"
NiO [NiOx UPS b],NiO,,inorganic_bulk,HTL,,-5.41,,,,UPS (NiOx film),vacuum,"Zhang et al., Adv. Sci. 7, 1903044 (2020), doi:10.1002/advs.201903044 (NiOx VBM −5.41 eV from UPS)"
CuI,CuI,,inorganic_bulk,HTL,,,,5.2,,photoemission (as compiled),vacuum,"Schulz, Cahen & Kahn, Chem. Rev. 119, 3349 (2019), doi:10.1021/acs.chemrev.8b00558, Sec. 3 inorganic HTLs (IE of CuI 5.2 eV)"
CuSCN,CuSCN,,inorganic_bulk,HTL,,,,5.3,,photoemission (as compiled),vacuum,"Schulz, Cahen & Kahn, Chem. Rev. 119, 3349 (2019), doi:10.1021/acs.chemrev.8b00558, Sec. 3 inorganic HTLs (IE of CuSCN 5.3 eV)"
SnS,SnS,,inorganic_bulk,absorber,,,,4.71,,XPS/IPES (single crystal),vacuum,"Whittles, Burton, Skelton, Walsh et al., Chem. Mater. 28, 3718 (2016), doi:10.1021/acs.chemmater.6b00397, abstract (SnS IP 4.71 eV)"
CuSbS2,CuSbS2,,inorganic_bulk,absorber,,,,4.98,3.43,XPS (+gap),vacuum,"Whittles, Veal, Savory, Welch et al., ACS Appl. Mater. Interfaces 9, 41916 (2017), doi:10.1021/acsami.7b14208, abstract (IP 4.98 eV, EA 3.43 eV)"
Cs2SnI6,Cs2SnI6,,inorganic_bulk,absorber,1.6,,,6.4,4.8,UPS (+optical gap),vacuum,"Saparov et al., Chem. Mater. 28, 2315 (2016), doi:10.1021/acs.chemmater.6b00433, abstract (IP 6.4 eV, EA 4.8 eV, optical gap 1.6 eV)"
CdS,CdS,,inorganic_bulk,ETL,,,,6.73,,"UPS (CBD film, Ar-sputtered)",vacuum,"Teymur, Levcenco, Hempel, Bergmann, Márquez, Choubrac, Hill, Unold & Mitzi, Nano Energy 80, 105556 (2020), doi:10.1016/j.nanoen.2020.105556, Table 1 (CdS: IE 6.73 ± 0.1 eV, EA 4.15 ± 0.3 eV, surface Eg 2.58 eV; EA not stored, its ±0.3 eV is larger than using the measured bulk gap)"
CBTSSe,Cu2BaSnSSe3,,inorganic_bulk,absorber,1.59,,,5.17,3.52,"UPS/IPES (thin film, Ar-sputtered)",vacuum,"Teymur et al., Nano Energy 80, 105556 (2020), doi:10.1016/j.nanoen.2020.105556, Table 1 (Cu2BaSnS4-xSex, x ≈ 3, after 40 min sputtering: IE 5.17, EA 3.52 eV; bulk Eg 1.59 eV from EQE, text)"
CuInSe2,CuInSe2,,inorganic_bulk,absorber,,,,5.25,,"PYS (powder, Au-calibrated)",vacuum,"Maeda, Gong & Wada, Jpn. J. Appl. Phys. 55, 04ES15 (2016), doi:10.7567/JJAP.55.04ES15, Sec. 3.3 (CuInSe2 IE 5.25 eV, VBM −5.25 eV, CBM −4.26 eV with the 0.99 eV optical gap)"
Cs2AgBiBr6,Cs2AgBiBr6,,inorganic_bulk,absorber,,,,6.2,,UPS (pristine film: work function + VBM−EF),vacuum,"Zhang, Sun, Lu, Lu et al., Nat. Commun. 13, 3397 (2022), doi:10.1038/s41467-022-31016-w, text (pristine film: work function 5.27 eV, VBM 0.93 eV below EF, so IE = 6.20 eV)"
