stack,top,bottom,gold_type,borderline,gold_dEc,gold_dEv,tool_type,tool_dEc,tool_dEv,tool_confidence,tool_pI,tool_pII,tool_pIII,tool_offset_source,nomeas_type,nomeas_dEc,nomeas_dEv,nomeas_confidence,nomeas_pI,nomeas_pII,nomeas_pIII,nomeas_offset_source
1,WS2,Cs2CuBiBr6,I,True,0.0,0.56,II,0.368,0.109,0.479,0.096,0.479,0.424,vacuum alignment of the two layers (Anderson's rule),II,0.368,0.109,0.479,0.096,0.479,0.424,vacuum alignment of the two layers (Anderson's rule)
1,Cs2CuBiBr6,CBTS,I,False,0.35,-0.31,II,0.423,0.304,0.508,0.11,0.508,0.381,vacuum alignment of the two layers (Anderson's rule),II,0.423,0.304,0.508,0.11,0.508,0.381,vacuum alignment of the two layers (Anderson's rule)
2,C60,Cs2CuBiBr6,I,False,-0.05,0.41,I,-0.474,0.318,0.223,0.223,0.635,0.142,vacuum alignment of the two layers (Anderson's rule),,,,,,,,
2,Cs2CuBiBr6,CBTS,I,False,0.35,-0.31,II,0.423,0.304,0.508,0.11,0.508,0.381,vacuum alignment of the two layers (Anderson's rule),II,0.423,0.304,0.508,0.11,0.508,0.381,vacuum alignment of the two layers (Anderson's rule)
3,PCBM,Cs2CuBiBr6,I,False,-0.05,0.71,II,-0.574,-0.122,0.657,0.148,0.657,0.195,vacuum alignment of the two layers (Anderson's rule),,,,,,,,
3,Cs2CuBiBr6,CBTS,I,False,0.35,-0.31,II,0.423,0.304,0.508,0.11,0.508,0.381,vacuum alignment of the two layers (Anderson's rule),II,0.423,0.304,0.508,0.11,0.508,0.381,vacuum alignment of the two layers (Anderson's rule)
4,TiO2,Cs2CuBiBr6,II,False,0.05,2.01,II,0.321,1.878,0.488,0.349,0.488,0.163,vacuum alignment of the two layers (Anderson's rule),II,0.126,1.682,0.482,0.356,0.482,0.162,vacuum alignment of the two layers (Anderson's rule)
4,Cs2CuBiBr6,CBTS,I,False,0.35,-0.31,II,0.423,0.304,0.508,0.11,0.508,0.381,vacuum alignment of the two layers (Anderson's rule),II,0.423,0.304,0.508,0.11,0.508,0.381,vacuum alignment of the two layers (Anderson's rule)
5,i-ZnO,CdS,II,False,0.37,1.37,II,0.44,1.4,0.902,0.098,0.902,0.0,"measured interface offset (Klein et al., Materials 3, 4892 (2010), doi:10.3390/ma3114892, Sec. 2.5 (CdS/ZnO valence-band offset 1.4 eV chosen from the group's photoemission interface studies; CdS VBM above ZnO))",II,0.305,1.265,0.69,0.238,0.69,0.072,vacuum alignment of the two layers (Anderson's rule)
5,CdS,CZTSSe,II,False,0.08,1.384,I,-0.151,0.82,0.273,0.273,0.579,0.148,vacuum alignment of the two layers (Anderson's rule),I,-0.569,0.402,0.194,0.194,0.529,0.278,vacuum alignment of the two layers (Anderson's rule)
6,i-ZnO,SnS2,II,False,0.29,1.84,I,-0.318,0.642,0.263,0.263,0.708,0.03,vacuum alignment of the two layers (Anderson's rule),I,-0.091,0.869,0.242,0.242,0.711,0.047,vacuum alignment of the two layers (Anderson's rule)
6,SnS2,CZTSSe,II,False,0.16,0.914,I,-0.173,0.798,0.198,0.198,0.523,0.279,vacuum alignment of the two layers (Anderson's rule),I,-0.173,0.798,0.198,0.198,0.523,0.279,vacuum alignment of the two layers (Anderson's rule)
7,i-ZnO,IGZO,II,False,0.39,0.74,II,0.09,0.326,0.848,0.132,0.848,0.019,vacuum alignment of the two layers (Anderson's rule),II,0.317,0.552,0.844,0.121,0.844,0.034,vacuum alignment of the two layers (Anderson's rule)
7,IGZO,CZTSSe,II,False,0.06,2.014,I,-0.581,1.114,0.335,0.335,0.456,0.208,vacuum alignment of the two layers (Anderson's rule),I,-0.581,1.114,0.335,0.335,0.456,0.208,vacuum alignment of the two layers (Anderson's rule)
8,i-ZnO,ZnSe,II,False,0.46,1.05,II,0.238,0.858,0.794,0.175,0.794,0.031,vacuum alignment of the two layers (Anderson's rule),II,0.465,1.085,0.79,0.152,0.79,0.057,vacuum alignment of the two layers (Anderson's rule)
8,ZnSe,CZTSSe,I,False,-0.01,1.704,I,-0.729,0.582,0.264,0.264,0.498,0.238,vacuum alignment of the two layers (Anderson's rule),I,-0.729,0.582,0.264,0.264,0.498,0.238,vacuum alignment of the two layers (Anderson's rule)
9,TiO2,Cs2AgBiBr6,I,False,-0.09,1.41,II,0.785,1.76,0.96,0.04,0.96,0.0,vacuum alignment of the two layers (Anderson's rule),II,0.421,1.396,0.65,0.232,0.65,0.117,vacuum alignment of the two layers (Anderson's rule)
9,Cs2AgBiBr6,NiO,II,False,2.39,0.49,II,2.705,0.895,0.994,0.006,0.994,0.0,vacuum alignment of the two layers (Anderson's rule),I,0.419,-1.391,0.362,0.362,0.539,0.099,vacuum alignment of the two layers (Anderson's rule)
10,TiO2,Cs2AgInBr6,I,True,0.0,1.73,II,0.995,1.513,0.758,0.137,0.758,0.106,vacuum alignment of the two layers (Anderson's rule),II,0.799,1.317,0.751,0.144,0.751,0.104,vacuum alignment of the two layers (Anderson's rule)
10,Cs2AgInBr6,NiO,II,False,2.3,0.17,II,2.495,1.142,0.7,0.163,0.7,0.138,vacuum alignment of the two layers (Anderson's rule),I,0.041,-1.312,0.276,0.276,0.638,0.086,vacuum alignment of the two layers (Anderson's rule)
11,SnO2,Cs2AgInBr6,I,False,-0.1,1.93,II,1.0,1.953,0.718,0.177,0.718,0.105,vacuum alignment of the two layers (Anderson's rule),II,1.55,2.503,0.665,0.116,0.665,0.218,vacuum alignment of the two layers (Anderson's rule)
11,Cs2AgInBr6,NiO,II,False,2.3,0.17,II,2.495,1.142,0.7,0.163,0.7,0.138,vacuum alignment of the two layers (Anderson's rule),I,0.041,-1.312,0.276,0.276,0.638,0.086,vacuum alignment of the two layers (Anderson's rule)
12,ZnSe,Cs2AgInBr6,I,False,-0.01,1.33,I,-0.128,0.045,0.093,0.093,0.769,0.138,vacuum alignment of the two layers (Anderson's rule),I,-0.128,0.045,0.093,0.093,0.769,0.138,vacuum alignment of the two layers (Anderson's rule)
12,Cs2AgInBr6,NiO,II,False,2.3,0.17,II,2.495,1.142,0.7,0.163,0.7,0.138,vacuum alignment of the two layers (Anderson's rule),I,0.041,-1.312,0.276,0.276,0.638,0.086,vacuum alignment of the two layers (Anderson's rule)
13,CdZnS,Cs2AgInBr6,II,False,0.1,1.83,II,0.031,0.016,0.729,0.112,0.729,0.158,vacuum alignment of the two layers (Anderson's rule),II,0.031,0.016,0.729,0.112,0.729,0.158,vacuum alignment of the two layers (Anderson's rule)
13,Cs2AgInBr6,NiO,II,False,2.3,0.17,II,2.495,1.142,0.7,0.163,0.7,0.138,vacuum alignment of the two layers (Anderson's rule),I,0.041,-1.312,0.276,0.276,0.638,0.086,vacuum alignment of the two layers (Anderson's rule)
14,ZnSe,MAPbI3,II,False,0.16,1.47,I,-0.668,0.562,0.347,0.347,0.56,0.093,vacuum alignment of the two layers (Anderson's rule),I,-0.358,0.872,0.243,0.243,0.537,0.22,vacuum alignment of the two layers (Anderson's rule)
14,MAPbI3,NiO,II,False,2.13,0.03,II,3.035,0.625,0.954,0.035,0.954,0.012,vacuum alignment of the two layers (Anderson's rule),I,0.271,-2.139,0.433,0.433,0.39,0.177,vacuum alignment of the two layers (Anderson's rule)
15,SnO2,Cs2AgInBr6,I,False,-0.1,1.93,II,1.0,1.953,0.718,0.177,0.718,0.105,vacuum alignment of the two layers (Anderson's rule),II,1.55,2.503,0.665,0.116,0.665,0.218,vacuum alignment of the two layers (Anderson's rule)
15,Cs2AgInBr6,MASnBr3,II,False,0.71,0.03,II,0.26,0.777,0.728,0.169,0.728,0.103,vacuum alignment of the two layers (Anderson's rule),I,-0.397,0.12,0.123,0.123,0.686,0.19,vacuum alignment of the two layers (Anderson's rule)
16,ZnSe,Cs2AgInBr6,I,False,-0.01,1.33,I,-0.128,0.045,0.093,0.093,0.769,0.138,vacuum alignment of the two layers (Anderson's rule),I,-0.128,0.045,0.093,0.093,0.769,0.138,vacuum alignment of the two layers (Anderson's rule)
16,Cs2AgInBr6,MASnBr3,II,False,0.71,0.03,II,0.26,0.777,0.728,0.169,0.728,0.103,vacuum alignment of the two layers (Anderson's rule),I,-0.397,0.12,0.123,0.123,0.686,0.19,vacuum alignment of the two layers (Anderson's rule)
17,TiO2,Cs2AgBiBr6,I,False,-0.09,1.41,II,0.785,1.76,0.96,0.04,0.96,0.0,vacuum alignment of the two layers (Anderson's rule),II,0.421,1.396,0.65,0.232,0.65,0.117,vacuum alignment of the two layers (Anderson's rule)
17,Cs2AgBiBr6,MASnBr3,II,False,0.8,0.35,II,0.47,0.53,0.887,0.113,0.887,0.0,vacuum alignment of the two layers (Anderson's rule),I,-0.019,0.041,0.049,0.049,0.721,0.23,vacuum alignment of the two layers (Anderson's rule)
18,TiO2,Cs2AgInBr6,I,True,0.0,1.73,II,0.995,1.513,0.758,0.137,0.758,0.106,vacuum alignment of the two layers (Anderson's rule),II,0.799,1.317,0.751,0.144,0.751,0.104,vacuum alignment of the two layers (Anderson's rule)
18,Cs2AgInBr6,MASnBr3,II,False,0.71,0.03,II,0.26,0.777,0.728,0.169,0.728,0.103,vacuum alignment of the two layers (Anderson's rule),I,-0.397,0.12,0.123,0.123,0.686,0.19,vacuum alignment of the two layers (Anderson's rule)
19,PCBM,Cs2AgInBr6,II,False,0.1,0.63,I,0.1,-0.487,0.196,0.196,0.714,0.09,vacuum alignment of the two layers (Anderson's rule),,,,,,,,
19,Cs2AgInBr6,NiO,II,False,2.3,0.17,II,2.495,1.142,0.7,0.163,0.7,0.138,vacuum alignment of the two layers (Anderson's rule),I,0.041,-1.312,0.276,0.276,0.638,0.086,vacuum alignment of the two layers (Anderson's rule)
20,TiO2,MAPbI3,II,False,0.2,1.85,II,0.455,2.03,0.846,0.15,0.846,0.004,vacuum alignment of the two layers (Anderson's rule),II,0.569,2.144,0.459,0.297,0.459,0.244,vacuum alignment of the two layers (Anderson's rule)
20,MAPbI3,Cu2O,II,False,0.7,0.08,II,1.402,0.822,0.777,0.087,0.777,0.136,vacuum alignment of the two layers (Anderson's rule),II,1.092,0.512,0.606,0.14,0.606,0.254,vacuum alignment of the two layers (Anderson's rule)
21,ZnO,MoTe2,II,False,0.3,2.5,I,-0.482,1.928,0.58,0.58,0.285,0.135,vacuum alignment of the two layers (Anderson's rule),I,-0.255,2.155,0.504,0.504,0.3,0.196,vacuum alignment of the two layers (Anderson's rule)
21,MoTe2,Cu2Te,I,True,0.0,-0.08,II,0.047,0.177,0.341,0.054,0.341,0.605,vacuum alignment of the two layers (Anderson's rule),II,0.047,0.177,0.341,0.054,0.341,0.605,vacuum alignment of the two layers (Anderson's rule)
22,TiO2,MAPbI3,II,False,0.2,1.85,II,0.455,2.03,0.846,0.15,0.846,0.004,vacuum alignment of the two layers (Anderson's rule),II,0.569,2.144,0.459,0.297,0.459,0.244,vacuum alignment of the two layers (Anderson's rule)
22,MAPbI3,Cu2O,II,False,0.7,0.08,II,1.402,0.822,0.777,0.087,0.777,0.136,vacuum alignment of the two layers (Anderson's rule),II,1.092,0.512,0.606,0.14,0.606,0.254,vacuum alignment of the two layers (Anderson's rule)
22,Cu2O,ZnO,II,False,-1.3,-2.43,II,-0.972,-2.242,0.865,0.091,0.865,0.044,vacuum alignment of the two layers (Anderson's rule),II,-1.199,-2.469,0.757,0.095,0.757,0.148,vacuum alignment of the two layers (Anderson's rule)
22,ZnO,MoTe2,II,False,0.3,2.5,I,-0.482,1.928,0.58,0.58,0.285,0.135,vacuum alignment of the two layers (Anderson's rule),I,-0.255,2.155,0.504,0.504,0.3,0.196,vacuum alignment of the two layers (Anderson's rule)
22,MoTe2,Cu2Te,I,True,0.0,-0.08,II,0.047,0.177,0.341,0.054,0.341,0.605,vacuum alignment of the two layers (Anderson's rule),II,0.047,0.177,0.341,0.054,0.341,0.605,vacuum alignment of the two layers (Anderson's rule)
23,TiO2,SnS,II,False,0.1,2.0,III,1.315,3.25,0.579,0.002,0.419,0.579,vacuum alignment of the two layers (Anderson's rule),II,0.087,2.022,0.368,0.412,0.368,0.22,vacuum alignment of the two layers (Anderson's rule)
23,SnS,BiFeO3,II,False,1.5,0.3,III,-2.059,-1.536,0.748,0.056,0.196,0.748,vacuum alignment of the two layers (Anderson's rule),II,-1.026,-0.503,0.262,0.116,0.262,0.622,vacuum alignment of the two layers (Anderson's rule)
23,BiFeO3,Spiro-OMeTAD,II,False,0.6,0.1,III,3.739,1.146,0.611,0.192,0.198,0.611,vacuum alignment of the two layers (Anderson's rule),,,,,,,,
24,InAs,GaSb,III,False,0.84,0.46,III,0.84,0.44,0.513,0.084,0.403,0.513,vacuum alignment of the two layers (Anderson's rule),I,0.342,-0.058,0.085,0.085,0.177,0.738,vacuum alignment of the two layers (Anderson's rule)
25,GaAs,AlAs,I,False,0.57,-0.18,II,1.062,0.352,0.605,0.189,0.605,0.206,vacuum alignment of the two layers (Anderson's rule),I,0.317,-0.393,0.151,0.151,0.552,0.297,vacuum alignment of the two layers (Anderson's rule)
26,In0.53Ga0.47As,InP,I,False,0.12,-0.48,II,-0.673,-1.322,0.289,0.168,0.289,0.544,vacuum alignment of the two layers (Anderson's rule),I,0.224,-0.425,0.146,0.146,0.29,0.565,vacuum alignment of the two layers (Anderson's rule)
27,PCBM,CsPbI3,I,False,-0.05,0.256,II,-0.63,-0.29,0.858,0.142,0.858,0.0,vacuum alignment of the two layers (Anderson's rule),,,,,,,,
27,CsPbI3,CBTS,II,False,0.35,0.144,II,0.48,0.472,0.668,0.112,0.668,0.22,vacuum alignment of the two layers (Anderson's rule),II,-0.085,-0.093,0.569,0.086,0.569,0.345,vacuum alignment of the two layers (Anderson's rule)
28,TiO2,CsPbI3,II,False,0.05,1.556,II,0.265,1.71,0.721,0.279,0.721,0.0,vacuum alignment of the two layers (Anderson's rule),II,0.634,2.079,0.496,0.277,0.496,0.226,vacuum alignment of the two layers (Anderson's rule)
28,CsPbI3,CBTS,II,False,0.35,0.144,II,0.48,0.472,0.668,0.112,0.668,0.22,vacuum alignment of the two layers (Anderson's rule),II,-0.085,-0.093,0.569,0.086,0.569,0.345,vacuum alignment of the two layers (Anderson's rule)
29,ZnO,CsPbI3,II,False,0.05,1.656,I,-0.62,1.1,0.921,0.921,0.079,0.0,vacuum alignment of the two layers (Anderson's rule),II,0.172,1.892,0.48,0.374,0.48,0.145,vacuum alignment of the two layers (Anderson's rule)
29,CsPbI3,CBTS,II,False,0.35,0.144,II,0.48,0.472,0.668,0.112,0.668,0.22,vacuum alignment of the two layers (Anderson's rule),II,-0.085,-0.093,0.569,0.086,0.569,0.345,vacuum alignment of the two layers (Anderson's rule)
30,C60,CsPbI3,II,False,-0.05,-0.044,I,-0.53,0.15,0.536,0.536,0.464,0.0,vacuum alignment of the two layers (Anderson's rule),,,,,,,,
30,CsPbI3,CBTS,II,False,0.35,0.144,II,0.48,0.472,0.668,0.112,0.668,0.22,vacuum alignment of the two layers (Anderson's rule),II,-0.085,-0.093,0.569,0.086,0.569,0.345,vacuum alignment of the two layers (Anderson's rule)
31,IGZO,CsPbI3,II,False,0.21,1.566,I,-0.71,0.774,0.402,0.402,0.53,0.067,vacuum alignment of the two layers (Anderson's rule),I,-0.145,1.339,0.295,0.295,0.505,0.2,vacuum alignment of the two layers (Anderson's rule)
31,CsPbI3,CBTS,II,False,0.35,0.144,II,0.48,0.472,0.668,0.112,0.668,0.22,vacuum alignment of the two layers (Anderson's rule),II,-0.085,-0.093,0.569,0.086,0.569,0.345,vacuum alignment of the two layers (Anderson's rule)
32,WS2,CsPbI3,I,True,0.0,0.106,I,0.311,-0.059,0.108,0.108,0.653,0.238,vacuum alignment of the two layers (Anderson's rule),II,0.876,0.506,0.504,0.076,0.504,0.42,vacuum alignment of the two layers (Anderson's rule)
32,CsPbI3,CBTS,II,False,0.35,0.144,II,0.48,0.472,0.668,0.112,0.668,0.22,vacuum alignment of the two layers (Anderson's rule),II,-0.085,-0.093,0.569,0.086,0.569,0.345,vacuum alignment of the two layers (Anderson's rule)
33,TiO2,CsPbI3,II,False,0.05,1.556,II,0.265,1.71,0.721,0.279,0.721,0.0,vacuum alignment of the two layers (Anderson's rule),II,0.634,2.079,0.496,0.277,0.496,0.226,vacuum alignment of the two layers (Anderson's rule)
33,CsPbI3,Cu2O,II,False,0.55,0.044,II,1.592,1.142,0.762,0.033,0.762,0.205,vacuum alignment of the two layers (Anderson's rule),II,1.027,0.577,0.659,0.109,0.659,0.232,vacuum alignment of the two layers (Anderson's rule)
34,TiO2,CsPbI3,II,False,0.05,1.556,II,0.265,1.71,0.721,0.279,0.721,0.0,vacuum alignment of the two layers (Anderson's rule),II,0.634,2.079,0.496,0.277,0.496,0.226,vacuum alignment of the two layers (Anderson's rule)
34,CsPbI3,CuSCN,II,False,2.25,0.344,II,2.918,0.95,0.969,0.004,0.969,0.027,vacuum alignment of the two layers (Anderson's rule),II,-0.151,-2.119,0.427,0.347,0.427,0.225,vacuum alignment of the two layers (Anderson's rule)
35,TiO2,CsPbI3,II,False,0.05,1.556,II,0.265,1.71,0.721,0.279,0.721,0.0,vacuum alignment of the two layers (Anderson's rule),II,0.634,2.079,0.496,0.277,0.496,0.226,vacuum alignment of the two layers (Anderson's rule)
35,CsPbI3,CuI,II,False,1.85,0.444,II,2.45,1.05,0.952,0.002,0.952,0.047,vacuum alignment of the two layers (Anderson's rule),I,0.023,-1.377,0.279,0.279,0.506,0.215,vacuum alignment of the two layers (Anderson's rule)
36,TiO2,CsPbI3,II,False,0.05,1.556,II,0.265,1.71,0.721,0.279,0.721,0.0,vacuum alignment of the two layers (Anderson's rule),II,0.634,2.079,0.496,0.277,0.496,0.226,vacuum alignment of the two layers (Anderson's rule)
36,CsPbI3,V2O5,II,False,-0.05,-0.556,II,-1.65,-2.28,0.521,0.014,0.521,0.465,vacuum alignment of the two layers (Anderson's rule),III,-2.215,-2.845,0.636,0.04,0.324,0.636,vacuum alignment of the two layers (Anderson's rule)
37,PCBM,Cs2BiAgI6,I,True,0.0,0.4,I,-0.271,0.296,0.178,0.178,0.631,0.192,vacuum alignment of the two layers (Anderson's rule),,,,,,,,
37,Cs2BiAgI6,CBTS,I,True,0.3,0.0,I,0.121,-0.114,0.116,0.116,0.496,0.387,vacuum alignment of the two layers (Anderson's rule),I,0.121,-0.114,0.116,0.116,0.496,0.387,vacuum alignment of the two layers (Anderson's rule)
38,TiO2,Cs2BiAgI6,II,False,0.1,1.7,II,0.624,2.296,0.446,0.3,0.446,0.254,vacuum alignment of the two layers (Anderson's rule),II,0.429,2.1,0.429,0.334,0.429,0.237,vacuum alignment of the two layers (Anderson's rule)
38,Cs2BiAgI6,CBTS,I,True,0.3,0.0,I,0.121,-0.114,0.116,0.116,0.496,0.387,vacuum alignment of the two layers (Anderson's rule),I,0.121,-0.114,0.116,0.116,0.496,0.387,vacuum alignment of the two layers (Anderson's rule)
39,ZnO,Cs2BiAgI6,II,False,0.1,1.8,I,-0.261,1.686,0.479,0.479,0.417,0.104,vacuum alignment of the two layers (Anderson's rule),I,-0.034,1.912,0.429,0.429,0.417,0.154,vacuum alignment of the two layers (Anderson's rule)
39,Cs2BiAgI6,CBTS,I,True,0.3,0.0,I,0.121,-0.114,0.116,0.116,0.496,0.387,vacuum alignment of the two layers (Anderson's rule),I,0.121,-0.114,0.116,0.116,0.496,0.387,vacuum alignment of the two layers (Anderson's rule)
40,C60,Cs2BiAgI6,I,True,0.0,0.1,I,-0.171,0.736,0.253,0.253,0.59,0.157,vacuum alignment of the two layers (Anderson's rule),,,,,,,,
40,Cs2BiAgI6,CBTS,I,True,0.3,0.0,I,0.121,-0.114,0.116,0.116,0.496,0.387,vacuum alignment of the two layers (Anderson's rule),I,0.121,-0.114,0.116,0.116,0.496,0.387,vacuum alignment of the two layers (Anderson's rule)
41,IGZO,Cs2BiAgI6,II,False,0.26,1.71,I,-0.351,1.36,0.332,0.332,0.447,0.221,vacuum alignment of the two layers (Anderson's rule),I,-0.351,1.36,0.332,0.332,0.447,0.221,vacuum alignment of the two layers (Anderson's rule)
41,Cs2BiAgI6,CBTS,I,True,0.3,0.0,I,0.121,-0.114,0.116,0.116,0.496,0.387,vacuum alignment of the two layers (Anderson's rule),I,0.121,-0.114,0.116,0.116,0.496,0.387,vacuum alignment of the two layers (Anderson's rule)
42,SnO2,Cs2BiAgI6,II,False,0.1,2.1,II,0.629,2.736,0.428,0.32,0.428,0.252,vacuum alignment of the two layers (Anderson's rule),II,1.179,3.286,0.382,0.211,0.382,0.408,vacuum alignment of the two layers (Anderson's rule)
42,Cs2BiAgI6,CBTS,I,True,0.3,0.0,I,0.121,-0.114,0.116,0.116,0.496,0.387,vacuum alignment of the two layers (Anderson's rule),I,0.121,-0.114,0.116,0.116,0.496,0.387,vacuum alignment of the two layers (Anderson's rule)
43,CeO2,Cs2BiAgI6,II,False,0.7,2.6,I,-0.847,1.069,0.476,0.476,0.427,0.098,vacuum alignment of the two layers (Anderson's rule),I,-0.847,1.069,0.476,0.476,0.427,0.098,vacuum alignment of the two layers (Anderson's rule)
43,Cs2BiAgI6,CBTS,I,True,0.3,0.0,I,0.121,-0.114,0.116,0.116,0.496,0.387,vacuum alignment of the two layers (Anderson's rule),I,0.121,-0.114,0.116,0.116,0.496,0.387,vacuum alignment of the two layers (Anderson's rule)
44,WS2,Cs2BiAgI6,II,False,0.05,0.25,II,0.67,0.527,0.45,0.089,0.45,0.461,vacuum alignment of the two layers (Anderson's rule),II,0.67,0.527,0.45,0.089,0.45,0.461,vacuum alignment of the two layers (Anderson's rule)
44,Cs2BiAgI6,CBTS,I,True,0.3,0.0,I,0.121,-0.114,0.116,0.116,0.496,0.387,vacuum alignment of the two layers (Anderson's rule),I,0.121,-0.114,0.116,0.116,0.496,0.387,vacuum alignment of the two layers (Anderson's rule)
45,ZnO,CdS,II,False,0.2,1.08,II,0.44,1.4,0.902,0.098,0.902,0.0,"measured interface offset (Klein et al., Materials 3, 4892 (2010), doi:10.3390/ma3114892, Sec. 2.5 (CdS/ZnO valence-band offset 1.4 eV chosen from the group's photoemission interface studies; CdS VBM above ZnO))",II,0.305,1.265,0.69,0.238,0.69,0.072,vacuum alignment of the two layers (Anderson's rule)
45,CdS,CIGS,I,False,-0.1,1.17,II,0.328,1.28,0.549,0.258,0.549,0.194,vacuum alignment of the two layers (Anderson's rule),I,-0.09,0.862,0.193,0.193,0.525,0.282,vacuum alignment of the two layers (Anderson's rule)
46,PCBM,Cs0.05(FA0.77MA0.23)0.95Pb(I0.77Br0.23)3,II,False,-0.55,-0.15,I,-0.222,0.276,0.166,0.166,0.651,0.183,vacuum alignment of the two layers (Anderson's rule),,,,,,,,
46,Cs0.05(FA0.77MA0.23)0.95Pb(I0.77Br0.23)3,CuSbS2,I,True,0.0,0.18,II,0.692,0.704,0.573,0.116,0.573,0.311,vacuum alignment of the two layers (Anderson's rule),II,-0.481,-0.469,0.485,0.088,0.485,0.426,vacuum alignment of the two layers (Anderson's rule)
47,ZnO,CdS,II,False,0.1,1.0,II,0.44,1.4,0.902,0.098,0.902,0.0,"measured interface offset (Klein et al., Materials 3, 4892 (2010), doi:10.3390/ma3114892, Sec. 2.5 (CdS/ZnO valence-band offset 1.4 eV chosen from the group's photoemission interface studies; CdS VBM above ZnO))",II,0.305,1.265,0.69,0.238,0.69,0.072,vacuum alignment of the two layers (Anderson's rule)
47,CdS,CIGS,I,False,-0.5,0.75,II,0.328,1.28,0.549,0.258,0.549,0.194,vacuum alignment of the two layers (Anderson's rule),I,-0.09,0.862,0.193,0.193,0.525,0.282,vacuum alignment of the two layers (Anderson's rule)
48,CdS,CdTe,I,False,-0.08,0.82,II,0.224,1.224,0.55,0.269,0.55,0.181,vacuum alignment of the two layers (Anderson's rule),I,-0.194,0.806,0.198,0.198,0.53,0.271,vacuum alignment of the two layers (Anderson's rule)
48,CdTe,CIT,I,True,0.0,0.4,II,0.038,0.458,0.413,0.094,0.413,0.493,vacuum alignment of the two layers (Anderson's rule),II,0.038,0.458,0.413,0.094,0.413,0.493,vacuum alignment of the two layers (Anderson's rule)
48,CIT,WSe2,II,False,0.58,0.03,II,-0.73,-0.87,0.368,0.055,0.368,0.578,vacuum alignment of the two layers (Anderson's rule),II,-0.73,-0.87,0.368,0.055,0.368,0.578,vacuum alignment of the two layers (Anderson's rule)
49,ZnSe,CuSbSe2,I,False,-0.02,1.6,I,-1.041,0.739,0.361,0.361,0.354,0.285,vacuum alignment of the two layers (Anderson's rule),I,-1.041,0.739,0.361,0.361,0.354,0.285,vacuum alignment of the two layers (Anderson's rule)
49,CuSbSe2,CGS,I,False,0.5,-0.08,II,0.86,0.2,0.406,0.132,0.406,0.462,vacuum alignment of the two layers (Anderson's rule),II,0.86,0.2,0.406,0.132,0.406,0.462,vacuum alignment of the two layers (Anderson's rule)
50,WS2,Cs2TiI2Br4,II,False,0.15,0.64,I,0.952,-0.192,0.234,0.234,0.466,0.3,vacuum alignment of the two layers (Anderson's rule),I,0.952,-0.192,0.234,0.234,0.466,0.3,vacuum alignment of the two layers (Anderson's rule)
50,Cs2TiI2Br4,Cu2O,II,False,1.15,0.36,II,0.952,1.276,0.666,0.118,0.666,0.216,vacuum alignment of the two layers (Anderson's rule),II,0.952,1.276,0.666,0.118,0.666,0.216,vacuum alignment of the two layers (Anderson's rule)
