section,metric,value,unit,n,baseline,baseline_rule,note
"A. Band gap (ML model, grouped 5-fold CV)",MAE,0.397,eV,2509,1.118,predict the mean gap,semiconductors/insulators with a measured gap; error = |predicted − measured|
"A. Band gap (ML model, grouped 5-fold CV)",RMSE,0.584,eV,2509,,,
"A. Band gap (ML model, grouped 5-fold CV)",R²,0.863,,2509,,,
"A. Band gap (ML model, grouped 5-fold CV)",Spearman rank correlation,0.908,,2509,,,
"A. Band gap (ML model, grouped 5-fold CV)",Within 0.3 eV,53.886,%,2509,,,
"A. Band gap (ML model, grouped 5-fold CV)",Within 0.5 eV,73.615,%,2509,,,
"A. Band gap (ML model, grouped 5-fold CV)","MAE, materials with a DFT hint",0.426,eV,1169,,,
"A. Band gap (ML model, grouped 5-fold CV)","MAE, formula only (no DFT data)",0.372,eV,1340,,,what to expect for a new composition
"A. Band gap (ML model, grouped 5-fold CV)",MAE where a hybrid DFT gap exists,0.423,eV,981,0.54,use the hybrid DFT gap (HSE06/TBmBJ) directly,
"A. Band gap (ML model, grouped 5-fold CV)",MAE where a GGA DFT gap exists,0.426,eV,1169,0.959,use the GGA DFT gap (PBE/OptB88vdW) directly,
"A. Band gap (ML model, grouped 5-fold CV)",MAE on the Borlido benchmark materials,0.439,eV,445,,,best-curated experimental labels
"A. Band gap (ML model, grouped 5-fold CV)",MAE for gaps of 1–3.5 eV (solar-cell layers),0.357,eV,1592,,,
B. Band edges (measured VBM hidden),"VBM MAE, hybrid-DFT surfaces",0.522,eV,5,,,what the tool predicts for a material without photoemission data
B. Band edges (measured VBM hidden),"VBM bias, hybrid-DFT surfaces",-0.117,eV,5,,,negative = predicted too deep
B. Band edges (measured VBM hidden),"VBM MAE, Butler–Ginley estimate",1.077,eV,35,,,what the tool predicts for a material without photoemission data
B. Band edges (measured VBM hidden),"VBM bias, Butler–Ginley estimate",-0.663,eV,35,,,negative = predicted too deep
B. Band edges (measured VBM hidden),Spread between independent measurements of one material,0.9,eV,3,,,noise floor of the reference data itself (median)
"C1. Measured band offsets (21 interfaces, InterMat Table 2)","|ΔEv| MAE, tool",0.448,eV,21,0.839,predict ΔEv = 0,with measured edges this is partly circular: several of these layers' electron affinities come from InterMat Table 1
"C1. Measured band offsets (21 interfaces, InterMat Table 2)","|ΔEv| MAE, tool without measured edges",0.589,eV,21,0.839,predict ΔEv = 0,Butler–Ginley / hybrid-DFT surfaces only
C2. Gold-standard device stacks,"Coverage, tool",100.0,%,102,,,junctions with a prediction
C2. Gold-standard device stacks,"Type accuracy, tool",60.784,%,102,60.784,always predict Type II,
C2. Gold-standard device stacks,"Type accuracy on clear junctions (both offsets ≥ 0.2 eV), tool",45.455,%,22,72.727,always predict Type II,near-zero offsets make the type hinge on a few tenths of an eV
C2. Gold-standard device stacks,"Type accuracy when confident (≥ 80 %), tool",81.818,%,11,,,junctions not flagged 'check with DFT'
C2. Gold-standard device stacks,"ΔEc MAE, tool",0.51,eV,102,0.447,predict ΔEc = 0,
C2. Gold-standard device stacks,"ΔEc sign agreement (|gold| ≥ 0.1 eV), tool",80.0,%,65,,,spike vs cliff: decides whether carriers are extracted or blocked
C2. Gold-standard device stacks,"ΔEv MAE, tool",0.577,eV,102,0.804,predict ΔEv = 0,
C2. Gold-standard device stacks,"ΔEv sign agreement (|gold| ≥ 0.1 eV), tool",82.5,%,80,,,spike vs cliff: decides whether carriers are extracted or blocked
C2. Gold-standard device stacks,"Coverage, tool without measured edges",91.176,%,102,,,junctions with a prediction
C2. Gold-standard device stacks,"Type accuracy, tool without measured edges",61.29,%,93,62.366,always predict Type II,
C2. Gold-standard device stacks,"Type accuracy on clear junctions (both offsets ≥ 0.2 eV), tool without measured edges",45.455,%,22,72.727,always predict Type II,near-zero offsets make the type hinge on a few tenths of an eV
C2. Gold-standard device stacks,"Type accuracy when confident (≥ 80 %), tool without measured edges",,%,0,,,junctions not flagged 'check with DFT'
C2. Gold-standard device stacks,"ΔEc MAE, tool without measured edges",0.801,eV,93,0.474,predict ΔEc = 0,
C2. Gold-standard device stacks,"ΔEc sign agreement (|gold| ≥ 0.1 eV), tool without measured edges",56.452,%,62,,,spike vs cliff: decides whether carriers are extracted or blocked
C2. Gold-standard device stacks,"ΔEv MAE, tool without measured edges",0.705,eV,93,0.852,predict ΔEv = 0,
C2. Gold-standard device stacks,"ΔEv sign agreement (|gold| ≥ 0.1 eV), tool without measured edges",64.865,%,74,,,spike vs cliff: decides whether carriers are extracted or blocked
