s.no,number of materials,list of devices,Eg (eV),CBM (eV vs vacuum),VBM (eV vs vacuum),Junction type,Literature reference,Data tier,"Band offsets (next-prev layer, eV)",Edge-case flags,Notes
1,3,WS2 | Cs2CuBiBr6 | CBTS,1.80 | 1.24 | 1.90,-3.95 | -3.95 | -3.60,-5.75 | -5.19 | -5.50,WS2/Cs2CuBiBr6: Type I (borderline: one band edge aligned); Cs2CuBiBr6/CBTS: Type I,"Utsho et al., RSC Adv. 2025, 15(3), 2184-2204, doi:10.1039/d4ra08515a (Table 1, Table 3)",A,"WS2/Cs2CuBiBr6: dEc=+0.00, dEv=+0.56; Cs2CuBiBr6/CBTS: dEc=+0.35, dEv=-0.31",borderline I/II at WS2/Cs2CuBiBr6,"Stack ITO/WS2/Cs2CuBiBr6/CBTS/Ni (n-i-p, SCAPS-1D). chi(eV)=3.95|3.95|3.6. Paper CBO(abs/ETL)=+0.00, VBO(abs/HTL)=+0.31 eV (paper: positive=spike). Junction type not stated in paper; derived."
2,3,C60 | Cs2CuBiBr6 | CBTS,1.70 | 1.24 | 1.90,-3.90 | -3.95 | -3.60,-5.60 | -5.19 | -5.50,C60/Cs2CuBiBr6: Type I; Cs2CuBiBr6/CBTS: Type I,"Utsho et al., RSC Adv. 2025, 15(3), 2184-2204, doi:10.1039/d4ra08515a (Table 1, Table 3)",A,"C60/Cs2CuBiBr6: dEc=-0.05, dEv=+0.41; Cs2CuBiBr6/CBTS: dEc=+0.35, dEv=-0.31",near-zero dEc (-0.05 eV) at C60/Cs2CuBiBr6,"Stack ITO/C60/Cs2CuBiBr6/CBTS/Ni (n-i-p, SCAPS-1D). chi(eV)=3.9|3.95|3.6. Paper CBO(abs/ETL)=+0.05, VBO(abs/HTL)=+0.31 eV (paper: positive=spike). Junction type not stated in paper; derived."
3,3,PCBM | Cs2CuBiBr6 | CBTS,2.00 | 1.24 | 1.90,-3.90 | -3.95 | -3.60,-5.90 | -5.19 | -5.50,PCBM/Cs2CuBiBr6: Type I; Cs2CuBiBr6/CBTS: Type I,"Utsho et al., RSC Adv. 2025, 15(3), 2184-2204, doi:10.1039/d4ra08515a (Table 1, Table 3)",A,"PCBM/Cs2CuBiBr6: dEc=-0.05, dEv=+0.71; Cs2CuBiBr6/CBTS: dEc=+0.35, dEv=-0.31",near-zero dEc (-0.05 eV) at PCBM/Cs2CuBiBr6,"Stack ITO/PCBM/Cs2CuBiBr6/CBTS/Ni (n-i-p, SCAPS-1D). chi(eV)=3.9|3.95|3.6. Paper CBO(abs/ETL)=+0.05, VBO(abs/HTL)=+0.31 eV (paper: positive=spike). Junction type not stated in paper; derived."
4,3,TiO2 | Cs2CuBiBr6 | CBTS,3.20 | 1.24 | 1.90,-4.00 | -3.95 | -3.60,-7.20 | -5.19 | -5.50,TiO2/Cs2CuBiBr6: Type II; Cs2CuBiBr6/CBTS: Type I,"Utsho et al., RSC Adv. 2025, 15(3), 2184-2204, doi:10.1039/d4ra08515a (Table 1, Table 3)",A,"TiO2/Cs2CuBiBr6: dEc=+0.05, dEv=+2.01; Cs2CuBiBr6/CBTS: dEc=+0.35, dEv=-0.31",near-zero dEc (+0.05 eV) at TiO2/Cs2CuBiBr6,"Stack ITO/TiO2/Cs2CuBiBr6/CBTS/Ni (n-i-p, SCAPS-1D). chi(eV)=4.0|3.95|3.6. Paper CBO(abs/ETL)=-0.05, VBO(abs/HTL)=+0.31 eV (paper: positive=spike). Junction type not stated in paper; derived."
5,3,i-ZnO | CdS | CZTSSe,3.40 | 2.40 | 1.096,-4.55 | -4.18 | -4.10,-7.95 | -6.58 | -5.196,i-ZnO/CdS: Type II; CdS/CZTSSe: Type II,"Ahamed et al., arXiv:2501.06681 (2025), Table 1",A,"i-ZnO/CdS: dEc=+0.37, dEv=+1.37; CdS/CZTSSe: dEc=+0.08, dEv=+1.38",none,Stack glass/i-ZnO/CdS/CZTSSe/Au (SCAPS-1D); paper calls it 'four layers' (counts back contact). chi=4.55|4.18|4.1. Paper CBO=+0.08 eV defined chi_buffer-chi_absorber (opposite to Minemoto sign: paper's 'spike' = cliff in standard usage). Junction type not stated; derived.
6,3,i-ZnO | SnS2 | CZTSSe,3.40 | 1.85 | 1.096,-4.55 | -4.26 | -4.10,-7.95 | -6.11 | -5.196,i-ZnO/SnS2: Type II; SnS2/CZTSSe: Type II,"Ahamed et al., arXiv:2501.06681 (2025), Table 1",A,"i-ZnO/SnS2: dEc=+0.29, dEv=+1.84; SnS2/CZTSSe: dEc=+0.16, dEv=+0.91",none,Stack glass/i-ZnO/SnS2/CZTSSe/Au (SCAPS-1D); paper calls it 'four layers' (counts back contact). chi=4.55|4.26|4.1. Paper CBO=+0.16 eV defined chi_buffer-chi_absorber (opposite to Minemoto sign: paper's 'spike' = cliff in standard usage). Junction type not stated; derived.
7,3,i-ZnO | IGZO | CZTSSe,3.40 | 3.05 | 1.096,-4.55 | -4.16 | -4.10,-7.95 | -7.21 | -5.196,i-ZnO/IGZO: Type II; IGZO/CZTSSe: Type II,"Ahamed et al., arXiv:2501.06681 (2025), Table 1",A,"i-ZnO/IGZO: dEc=+0.39, dEv=+0.74; IGZO/CZTSSe: dEc=+0.06, dEv=+2.01",none,Stack glass/i-ZnO/IGZO/CZTSSe/Au (SCAPS-1D); paper calls it 'four layers' (counts back contact). chi=4.55|4.16|4.1. Paper CBO=+0.06 eV defined chi_buffer-chi_absorber (opposite to Minemoto sign: paper's 'spike' = cliff in standard usage). Junction type not stated; derived.
8,3,i-ZnO | ZnSe | CZTSSe,3.40 | 2.81 | 1.096,-4.55 | -4.09 | -4.10,-7.95 | -6.90 | -5.196,i-ZnO/ZnSe: Type II; ZnSe/CZTSSe: Type I,"Ahamed et al., arXiv:2501.06681 (2025), Table 1",A,"i-ZnO/ZnSe: dEc=+0.46, dEv=+1.05; ZnSe/CZTSSe: dEc=-0.01, dEv=+1.70",near-zero dEc (-0.01 eV) at ZnSe/CZTSSe,Stack glass/i-ZnO/ZnSe/CZTSSe/Au (SCAPS-1D); paper calls it 'four layers' (counts back contact). chi=4.55|4.09|4.1. Paper CBO=-0.01 eV defined chi_buffer-chi_absorber (opposite to Minemoto sign: paper's 'spike' = cliff in standard usage). Junction type not stated; derived.
9,3,TiO2 | Cs2AgBiBr6 | NiO,3.20 | 1.70 | 3.60,-4.10 | -4.19 | -1.80,-7.30 | -5.89 | -5.40,TiO2/Cs2AgBiBr6: Type I; Cs2AgBiBr6/NiO: Type II,"Nasiri, Mastoor & Ahmadkhan Kordbacheh, arXiv:2606.12083 (2026), Tables 1-4",A,"TiO2/Cs2AgBiBr6: dEc=-0.09, dEv=+1.41; Cs2AgBiBr6/NiO: dEc=+2.39, dEv=+0.49",none,"Stack FTO/TiO2/Cs2AgBiBr6/NiO/Ag (SCAPS-1D, simulated PCE 28.85%). chi=4.1|4.19|1.8. Eg/chi from paper Tables 1-3. Junction type not stated; derived."
10,3,TiO2 | Cs2AgInBr6 | NiO,3.20 | 1.47 | 3.60,-4.10 | -4.10 | -1.80,-7.30 | -5.57 | -5.40,TiO2/Cs2AgInBr6: Type I (borderline: one band edge aligned); Cs2AgInBr6/NiO: Type II,"Nasiri, Mastoor & Ahmadkhan Kordbacheh, arXiv:2606.12083 (2026), Tables 1-4",A,"TiO2/Cs2AgInBr6: dEc=+0.00, dEv=+1.73; Cs2AgInBr6/NiO: dEc=+2.30, dEv=+0.17",borderline I/II at TiO2/Cs2AgInBr6,"Stack FTO/TiO2/Cs2AgInBr6/NiO/Ag (SCAPS-1D, simulated PCE 28.82%). chi=4.1|4.1|1.8. Eg/chi from paper Tables 1-3. Junction type not stated; derived."
11,3,SnO2 | Cs2AgInBr6 | NiO,3.50 | 1.47 | 3.60,-4.00 | -4.10 | -1.80,-7.50 | -5.57 | -5.40,SnO2/Cs2AgInBr6: Type I; Cs2AgInBr6/NiO: Type II,"Nasiri, Mastoor & Ahmadkhan Kordbacheh, arXiv:2606.12083 (2026), Tables 1-4",A,"SnO2/Cs2AgInBr6: dEc=-0.10, dEv=+1.93; Cs2AgInBr6/NiO: dEc=+2.30, dEv=+0.17",none,"Stack FTO/SnO2/Cs2AgInBr6/NiO/Ag (SCAPS-1D, simulated PCE 28.62%). chi=4.0|4.1|1.8. Eg/chi from paper Tables 1-3. Junction type not stated; derived."
12,3,ZnSe | Cs2AgInBr6 | NiO,2.81 | 1.47 | 3.60,-4.09 | -4.10 | -1.80,-6.90 | -5.57 | -5.40,ZnSe/Cs2AgInBr6: Type I; Cs2AgInBr6/NiO: Type II,"Nasiri, Mastoor & Ahmadkhan Kordbacheh, arXiv:2606.12083 (2026), Tables 1-4",A,"ZnSe/Cs2AgInBr6: dEc=-0.01, dEv=+1.33; Cs2AgInBr6/NiO: dEc=+2.30, dEv=+0.17",near-zero dEc (-0.01 eV) at ZnSe/Cs2AgInBr6,"Stack FTO/ZnSe/Cs2AgInBr6/NiO/Ag (SCAPS-1D, simulated PCE 27.61%). chi=4.09|4.1|1.8. Eg/chi from paper Tables 1-3. Junction type not stated; derived."
13,3,CdZnS | Cs2AgInBr6 | NiO,3.20 | 1.47 | 3.60,-4.20 | -4.10 | -1.80,-7.40 | -5.57 | -5.40,CdZnS/Cs2AgInBr6: Type II; Cs2AgInBr6/NiO: Type II,"Nasiri, Mastoor & Ahmadkhan Kordbacheh, arXiv:2606.12083 (2026), Tables 1-4",A,"CdZnS/Cs2AgInBr6: dEc=+0.10, dEv=+1.83; Cs2AgInBr6/NiO: dEc=+2.30, dEv=+0.17",none,"Stack FTO/CdZnS/Cs2AgInBr6/NiO/Ag (SCAPS-1D, simulated PCE 27.39%). chi=4.2|4.1|1.8. Eg/chi from paper Tables 1-3. Junction type not stated; derived."
14,3,ZnSe | MAPbI3 | NiO,2.81 | 1.50 | 3.60,-4.09 | -3.93 | -1.80,-6.90 | -5.43 | -5.40,ZnSe/MAPbI3: Type II; MAPbI3/NiO: Type II,"Nasiri, Mastoor & Ahmadkhan Kordbacheh, arXiv:2606.12083 (2026), Tables 1-4",A,"ZnSe/MAPbI3: dEc=+0.16, dEv=+1.47; MAPbI3/NiO: dEc=+2.13, dEv=+0.03",near-zero dEv (+0.03 eV) at MAPbI3/NiO,"Stack FTO/ZnSe/MAPbI3/NiO/Ag (SCAPS-1D, simulated PCE 27.29%). chi=4.09|3.93|1.8. Eg/chi from paper Tables 1-3. Junction type not stated; derived."
15,3,SnO2 | Cs2AgInBr6 | MASnBr3,3.50 | 1.47 | 2.15,-4.00 | -4.10 | -3.39,-7.50 | -5.57 | -5.54,SnO2/Cs2AgInBr6: Type I; Cs2AgInBr6/MASnBr3: Type II,"Nasiri, Mastoor & Ahmadkhan Kordbacheh, arXiv:2606.12083 (2026), Tables 1-4",A,"SnO2/Cs2AgInBr6: dEc=-0.10, dEv=+1.93; Cs2AgInBr6/MASnBr3: dEc=+0.71, dEv=+0.03",near-zero dEv (+0.03 eV) at Cs2AgInBr6/MASnBr3,"Stack FTO/SnO2/Cs2AgInBr6/MASnBr3/Ag (SCAPS-1D, simulated PCE 27.24%). chi=4.0|4.1|3.39. Eg/chi from paper Tables 1-3. Junction type not stated; derived."
16,3,ZnSe | Cs2AgInBr6 | MASnBr3,2.81 | 1.47 | 2.15,-4.09 | -4.10 | -3.39,-6.90 | -5.57 | -5.54,ZnSe/Cs2AgInBr6: Type I; Cs2AgInBr6/MASnBr3: Type II,"Nasiri, Mastoor & Ahmadkhan Kordbacheh, arXiv:2606.12083 (2026), Tables 1-4",A,"ZnSe/Cs2AgInBr6: dEc=-0.01, dEv=+1.33; Cs2AgInBr6/MASnBr3: dEc=+0.71, dEv=+0.03",near-zero dEc (-0.01 eV) at ZnSe/Cs2AgInBr6; near-zero dEv (+0.03 eV) at Cs2AgInBr6/MASnBr3,"Stack FTO/ZnSe/Cs2AgInBr6/MASnBr3/Ag (SCAPS-1D, simulated PCE 26.75%). chi=4.09|4.1|3.39. Eg/chi from paper Tables 1-3. Junction type not stated; derived."
17,3,TiO2 | Cs2AgBiBr6 | MASnBr3,3.20 | 1.70 | 2.15,-4.10 | -4.19 | -3.39,-7.30 | -5.89 | -5.54,TiO2/Cs2AgBiBr6: Type I; Cs2AgBiBr6/MASnBr3: Type II,"Nasiri, Mastoor & Ahmadkhan Kordbacheh, arXiv:2606.12083 (2026), Tables 1-4",A,"TiO2/Cs2AgBiBr6: dEc=-0.09, dEv=+1.41; Cs2AgBiBr6/MASnBr3: dEc=+0.80, dEv=+0.35",none,"Stack FTO/TiO2/Cs2AgBiBr6/MASnBr3/Ag (SCAPS-1D, simulated PCE 26.71%). chi=4.1|4.19|3.39. Eg/chi from paper Tables 1-3. Junction type not stated; derived."
18,3,TiO2 | Cs2AgInBr6 | MASnBr3,3.20 | 1.47 | 2.15,-4.10 | -4.10 | -3.39,-7.30 | -5.57 | -5.54,TiO2/Cs2AgInBr6: Type I (borderline: one band edge aligned); Cs2AgInBr6/MASnBr3: Type II,"Nasiri, Mastoor & Ahmadkhan Kordbacheh, arXiv:2606.12083 (2026), Tables 1-4",A,"TiO2/Cs2AgInBr6: dEc=+0.00, dEv=+1.73; Cs2AgInBr6/MASnBr3: dEc=+0.71, dEv=+0.03",borderline I/II at TiO2/Cs2AgInBr6; near-zero dEv (+0.03 eV) at Cs2AgInBr6/MASnBr3,"Stack FTO/TiO2/Cs2AgInBr6/MASnBr3/Ag (SCAPS-1D, simulated PCE 26.7%). chi=4.1|4.1|3.39. Eg/chi from paper Tables 1-3. Junction type not stated; derived."
19,3,PCBM | Cs2AgInBr6 | NiO,2.00 | 1.47 | 3.60,-4.20 | -4.10 | -1.80,-6.20 | -5.57 | -5.40,PCBM/Cs2AgInBr6: Type II; Cs2AgInBr6/NiO: Type II,"Nasiri, Mastoor & Ahmadkhan Kordbacheh, arXiv:2606.12083 (2026), Tables 1-4",A,"PCBM/Cs2AgInBr6: dEc=+0.10, dEv=+0.63; Cs2AgInBr6/NiO: dEc=+2.30, dEv=+0.17",none,"Stack FTO/PCBM/Cs2AgInBr6/NiO/Ag (SCAPS-1D, simulated PCE 26.66%). chi=4.2|4.1|1.8. Eg/chi from paper Tables 1-3. Junction type not stated; derived."
20,3,TiO2 | MAPbI3 | Cu2O,3.20 | 1.55 | 2.17,-4.10 | -3.90 | -3.20,-7.30 | -5.45 | -5.37,TiO2/MAPbI3: Type II; MAPbI3/Cu2O: Type II,"Suman & Kumar, arXiv:2110.13780, Table 1 (parameters adopted from Patel et al., Sci. Rep. 2021 per the paper)",A,"TiO2/MAPbI3: dEc=+0.20, dEv=+1.85; MAPbI3/Cu2O: dEc=+0.70, dEv=+0.08",none,Single-junction top subcell FTO/TiO2/CH3NH3PbI3/Cu2O/metal (SCAPS-1D). FTO (3.5/4.0) and metal excluded from count.
21,3,ZnO | MoTe2 | Cu2Te,3.30 | 1.10 | 1.18,-4.50 | -4.20 | -4.20,-7.80 | -5.30 | -5.38,ZnO/MoTe2: Type II; MoTe2/Cu2Te: Type I (borderline: one band edge aligned),"Suman & Kumar, arXiv:2110.13780, Table 1 (parameters adopted from Patel et al., Sci. Rep. 2021 per the paper)",A,"ZnO/MoTe2: dEc=+0.30, dEv=+2.50; MoTe2/Cu2Te: dEc=+0.00, dEv=-0.08",borderline I/II at MoTe2/Cu2Te,Single-junction bottom subcell metal/ZnO/MoTe2/Cu2Te/metal (SCAPS-1D).
22,6,TiO2 | MAPbI3 | Cu2O | ZnO | MoTe2 | Cu2Te,3.20 | 1.55 | 2.17 | 3.30 | 1.10 | 1.18,-4.10 | -3.90 | -3.20 | -4.50 | -4.20 | -4.20,-7.30 | -5.45 | -5.37 | -7.80 | -5.30 | -5.38,TiO2/MAPbI3: Type II; MAPbI3/Cu2O: Type II; Cu2O/ZnO: Type II; ZnO/MoTe2: Type II; MoTe2/Cu2Te: Type I (borderline: one band edge aligned),"Suman & Kumar, arXiv:2110.13780, Table 1 (parameters adopted from Patel et al., Sci. Rep. 2021 per the paper)",A,"TiO2/MAPbI3: dEc=+0.20, dEv=+1.85; MAPbI3/Cu2O: dEc=+0.70, dEv=+0.08; Cu2O/ZnO: dEc=-1.30, dEv=-2.43; ZnO/MoTe2: dEc=+0.30, dEv=+2.50; MoTe2/Cu2Te: dEc=+0.00, dEv=-0.08",multi-subcell tandem with unlisted recombination layer; borderline I/II at MoTe2/Cu2Te,"2T monolithic tandem; paper inserts an interfacial/recombination layer between Cu2O and ZnO (TiO2, ITO or IZO - which one was used is not stated in the extracted text, parameters not given), so the Cu2O/ZnO adjacency here omits it. Derived Cu2O/ZnO = Type II agrees with Chen et al. Energies 2025 (ZnO-Cu2O described as type-II). 6 semiconductor layers."
23,4,TiO2 | SnS | BiFeO3 | Spiro-OMeTAD,3.20 | 1.30 | 2.50 | 3.00,-4.10 | -4.00 | -2.50 | -1.90,-7.30 | -5.30 | -5.00 | -4.90,TiO2/SnS: Type II; SnS/BiFeO3: Type II; BiFeO3/Spiro-OMeTAD: Type II,"Salman & Atiq, RSC (doi:10.1039/D5YA00290G), 2025, Table 1 (COMSOL 1D, not SCAPS)",A,"TiO2/SnS: dEc=+0.10, dEv=+2.00; SnS/BiFeO3: dEc=+1.50, dEv=+0.30; BiFeO3/Spiro-OMeTAD: dEc=+0.60, dEv=+0.10",internal parameter inconsistency (BiFeO3 Eg 2.1 text vs 2.5 table); unusual low chi (2.5 eV) absorber,"Stack TiO2/SnS(buffer)/BiFeO3(absorber)/Spiro-OMeTAD, 4 semiconductor layers. chi=4.1|4.0|2.5|1.9. Paper text gives BiFeO3 Eg ~2.1 eV but Table 1 uses 2.5 eV (and chi 2.5): internal inconsistency; Table 1 values used. Spiro Eg 3.0/chi 1.9 differs from Nasiri (2.8/2.05)."
24,2,InAs | GaSb,0.35 | 0.73,-4.90 | -4.06,-5.25 | -4.79,InAs/GaSb: Type III,"Badolato, Univ. Rochester PHY251/420 Assignment 4 Solutions (Anderson-rule table, 300K Gamma-point; data source Ioffe NSM archive) - course material, Anderson-rule estimate not a measurement; experimental: Bell Labs, 'Valence-band discontinuities in (100) GaSb/AlSb and GaSb/InAs heterojunctions' (XPS, 1 Jan 1987)",E,"InAs/GaSb: dEc=+0.84, dEv=+0.46",EDGE: Type III (broken gap) literature-confirmed; broken-gap at InAs/GaSb,"Textbook broken-gap (Type III). XPS: dEv(GaSb/InAs)=0.51+-0.1 eV, InAs CBM ~150 meV below GaSb VBM (paper abstract) - independent experimental confirmation of Type III. Expect model to output Type III, not I/II."
25,2,GaAs | AlAs,1.42 | 2.17,-4.07 | -3.50,-5.49 | -5.67,GaAs/AlAs: Type I,"Badolato, Univ. Rochester PHY251/420 Assignment 4 Solutions (Anderson-rule table, 300K Gamma-point; data source Ioffe NSM archive) - course material, Anderson-rule estimate not a measurement",E,"GaAs/AlAs: dEc=+0.57, dEv=-0.18",EDGE: Type I reference pair,"Textbook Type I (straddling) pair; source states GaAs/AlAs is type I. Anderson dEc=+0.57, dEv=-0.18 eV (source table has opposite sign convention for dEc/dEv)."
26,2,In0.53Ga0.47As | InP,0.74 | 1.34,-4.50 | -4.38,-5.24 | -5.72,In0.53Ga0.47As/InP: Type I,"Badolato, Univ. Rochester PHY251/420 Assignment 4 Solutions (Anderson-rule table, 300K Gamma-point; data source Ioffe NSM archive) - course material, Anderson-rule estimate not a measurement",E,"In0.53Ga0.47As/InP: dEc=+0.12, dEv=-0.48",EDGE: Type I with strongly asymmetric offsets,"Type I per source; asymmetric offsets (dEc small +0.12, dEv large -0.48). Tests Type I assignment when CB offset is small relative to VB offset."
27,3,PCBM | CsPbI3 | CBTS,2.00 | 1.694 | 1.90,-3.90 | -3.95 | -3.60,-5.90 | -5.644 | -5.50,PCBM/CsPbI3: Type I; CsPbI3/CBTS: Type II,"Hossain, Rubel, Toki, Alam, Rahman & Bencherif, ACS Omega 2022, 7(47), 43210-43230 (arXiv:2211.02968), Tables 1, 2 and 4",A,"PCBM/CsPbI3: dEc=-0.05, dEv=+0.26; CsPbI3/CBTS: dEc=+0.35, dEv=+0.14",near-zero dEc (-0.05 eV) at PCBM/CsPbI3,"Stack ITO/PCBM/CsPbI3/CBTS/Au (SCAPS-1D, simulated PCE 16.71%). chi=3.9|3.95|3.6. CsPbI3 Eg 1.694 eV is the SCAPS input (DFT-PBE in the same paper gives 1.483 eV). Junction type not stated in paper; derived."
28,3,TiO2 | CsPbI3 | CBTS,3.20 | 1.694 | 1.90,-4.00 | -3.95 | -3.60,-7.20 | -5.644 | -5.50,TiO2/CsPbI3: Type II; CsPbI3/CBTS: Type II,"Hossain, Rubel, Toki, Alam, Rahman & Bencherif, ACS Omega 2022, 7(47), 43210-43230 (arXiv:2211.02968), Tables 1, 2 and 4",A,"TiO2/CsPbI3: dEc=+0.05, dEv=+1.56; CsPbI3/CBTS: dEc=+0.35, dEv=+0.14",near-zero dEc (+0.05 eV) at TiO2/CsPbI3,"Stack ITO/TiO2/CsPbI3/CBTS/Au (SCAPS-1D, simulated PCE 17.9%). chi=4.0|3.95|3.6. CsPbI3 Eg 1.694 eV is the SCAPS input (DFT-PBE in the same paper gives 1.483 eV). Junction type not stated in paper; derived."
29,3,ZnO | CsPbI3 | CBTS,3.30 | 1.694 | 1.90,-4.00 | -3.95 | -3.60,-7.30 | -5.644 | -5.50,ZnO/CsPbI3: Type II; CsPbI3/CBTS: Type II,"Hossain, Rubel, Toki, Alam, Rahman & Bencherif, ACS Omega 2022, 7(47), 43210-43230 (arXiv:2211.02968), Tables 1, 2 and 4",A,"ZnO/CsPbI3: dEc=+0.05, dEv=+1.66; CsPbI3/CBTS: dEc=+0.35, dEv=+0.14",near-zero dEc (+0.05 eV) at ZnO/CsPbI3,"Stack ITO/ZnO/CsPbI3/CBTS/Au (SCAPS-1D, simulated PCE 17.86%). chi=4.0|3.95|3.6. CsPbI3 Eg 1.694 eV is the SCAPS input (DFT-PBE in the same paper gives 1.483 eV). Junction type not stated in paper; derived."
30,3,C60 | CsPbI3 | CBTS,1.70 | 1.694 | 1.90,-3.90 | -3.95 | -3.60,-5.60 | -5.644 | -5.50,C60/CsPbI3: Type II; CsPbI3/CBTS: Type II,"Hossain, Rubel, Toki, Alam, Rahman & Bencherif, ACS Omega 2022, 7(47), 43210-43230 (arXiv:2211.02968), Tables 1, 2 and 4",A,"C60/CsPbI3: dEc=-0.05, dEv=-0.04; CsPbI3/CBTS: dEc=+0.35, dEv=+0.14",near-zero dEc (-0.05 eV) at C60/CsPbI3; near-zero dEv (-0.04 eV) at C60/CsPbI3,"Stack ITO/C60/CsPbI3/CBTS/Au (SCAPS-1D, simulated PCE 14.47%). chi=3.9|3.95|3.6. CsPbI3 Eg 1.694 eV is the SCAPS input (DFT-PBE in the same paper gives 1.483 eV). Junction type not stated in paper; derived."
31,3,IGZO | CsPbI3 | CBTS,3.05 | 1.694 | 1.90,-4.16 | -3.95 | -3.60,-7.21 | -5.644 | -5.50,IGZO/CsPbI3: Type II; CsPbI3/CBTS: Type II,"Hossain, Rubel, Toki, Alam, Rahman & Bencherif, ACS Omega 2022, 7(47), 43210-43230 (arXiv:2211.02968), Tables 1, 2 and 4",A,"IGZO/CsPbI3: dEc=+0.21, dEv=+1.57; CsPbI3/CBTS: dEc=+0.35, dEv=+0.14",none,"Stack ITO/IGZO/CsPbI3/CBTS/Au (SCAPS-1D, simulated PCE 17.76%). chi=4.16|3.95|3.6. CsPbI3 Eg 1.694 eV is the SCAPS input (DFT-PBE in the same paper gives 1.483 eV). Junction type not stated in paper; derived."
32,3,WS2 | CsPbI3 | CBTS,1.80 | 1.694 | 1.90,-3.95 | -3.95 | -3.60,-5.75 | -5.644 | -5.50,WS2/CsPbI3: Type I (borderline: one band edge aligned); CsPbI3/CBTS: Type II,"Hossain, Rubel, Toki, Alam, Rahman & Bencherif, ACS Omega 2022, 7(47), 43210-43230 (arXiv:2211.02968), Tables 1, 2 and 4",A,"WS2/CsPbI3: dEc=+0.00, dEv=+0.11; CsPbI3/CBTS: dEc=+0.35, dEv=+0.14",borderline I/II at WS2/CsPbI3,"Stack ITO/WS2/CsPbI3/CBTS/Au (SCAPS-1D, simulated PCE 17.82%). chi=3.95|3.95|3.6. CsPbI3 Eg 1.694 eV is the SCAPS input (DFT-PBE in the same paper gives 1.483 eV). Junction type not stated in paper; derived."
33,3,TiO2 | CsPbI3 | Cu2O,3.20 | 1.694 | 2.20,-4.00 | -3.95 | -3.40,-7.20 | -5.644 | -5.60,TiO2/CsPbI3: Type II; CsPbI3/Cu2O: Type II,"Hossain, Rubel, Toki, Alam, Rahman & Bencherif, ACS Omega 2022, 7(47), 43210-43230 (arXiv:2211.02968), Tables 1, 2 and 4",A,"TiO2/CsPbI3: dEc=+0.05, dEv=+1.56; CsPbI3/Cu2O: dEc=+0.55, dEv=+0.04",near-zero dEc (+0.05 eV) at TiO2/CsPbI3; near-zero dEv (+0.04 eV) at CsPbI3/Cu2O,Stack ITO/TiO2/CsPbI3/Cu2O/Au (SCAPS-1D). Text of Sec. 3.2.2 gives PCE 17.64% for TiO2 with Cu2O HTL. chi=4.0|3.95|3.4. Junction type not stated; derived.
34,3,TiO2 | CsPbI3 | CuSCN,3.20 | 1.694 | 3.60,-4.00 | -3.95 | -1.70,-7.20 | -5.644 | -5.30,TiO2/CsPbI3: Type II; CsPbI3/CuSCN: Type II,"Hossain, Rubel, Toki, Alam, Rahman & Bencherif, ACS Omega 2022, 7(47), 43210-43230 (arXiv:2211.02968), Tables 1, 2 and 4",A,"TiO2/CsPbI3: dEc=+0.05, dEv=+1.56; CsPbI3/CuSCN: dEc=+2.25, dEv=+0.34",near-zero dEc (+0.05 eV) at TiO2/CsPbI3,Stack ITO/TiO2/CsPbI3/CuSCN/Au (SCAPS-1D). Text of Sec. 3.2.2 gives PCE 17.81% for TiO2 with CuSCN HTL. chi=4.0|3.95|1.7. Junction type not stated; derived.
35,3,TiO2 | CsPbI3 | CuI,3.20 | 1.694 | 3.10,-4.00 | -3.95 | -2.10,-7.20 | -5.644 | -5.20,TiO2/CsPbI3: Type II; CsPbI3/CuI: Type II,"Hossain, Rubel, Toki, Alam, Rahman & Bencherif, ACS Omega 2022, 7(47), 43210-43230 (arXiv:2211.02968), Tables 1, 2 and 4",A,"TiO2/CsPbI3: dEc=+0.05, dEv=+1.56; CsPbI3/CuI: dEc=+1.85, dEv=+0.44",near-zero dEc (+0.05 eV) at TiO2/CsPbI3,Stack ITO/TiO2/CsPbI3/CuI/Au (SCAPS-1D). Sec. 3.2.3 reports CuI among the HTLs giving about 17-18% PCE with TiO2 (exact value not stated). chi=4.0|3.95|2.1. Junction type not stated; derived.
36,3,TiO2 | CsPbI3 | V2O5,3.20 | 1.694 | 2.20,-4.00 | -3.95 | -4.00,-7.20 | -5.644 | -6.20,TiO2/CsPbI3: Type II; CsPbI3/V2O5: Type II,"Hossain, Rubel, Toki, Alam, Rahman & Bencherif, ACS Omega 2022, 7(47), 43210-43230 (arXiv:2211.02968), Tables 1, 2 and 4",A,"TiO2/CsPbI3: dEc=+0.05, dEv=+1.56; CsPbI3/V2O5: dEc=-0.05, dEv=-0.56",EDGE: literature-documented poor HTL alignment (PCE ~0.6%); near-zero dEc (+0.05 eV) at TiO2/CsPbI3; near-zero dEc (-0.05 eV) at CsPbI3/V2O5,Stack ITO/TiO2/CsPbI3/V2O5/Au (SCAPS-1D). Sec. 3.2.3 reports V2O5 HTL gives only about 0.6% PCE with every ETL: documented poor-alignment device. chi=4.0|3.95|4.0.
37,3,PCBM | Cs2BiAgI6 | CBTS,2.00 | 1.60 | 1.90,-3.90 | -3.90 | -3.60,-5.90 | -5.50 | -5.50,PCBM/Cs2BiAgI6: Type I (borderline: one band edge aligned); Cs2BiAgI6/CBTS: Type I (borderline: one band edge aligned),"Hossain et al., RSC Adv. 2022 (issue 54), doi:10.1039/d2ra06734j (arXiv:2212.13237), Tables 1, 2 and 4",A,"PCBM/Cs2BiAgI6: dEc=+0.00, dEv=+0.40; Cs2BiAgI6/CBTS: dEc=+0.30, dEv=+0.00",borderline I/II at PCBM/Cs2BiAgI6; borderline I/II at Cs2BiAgI6/CBTS,"Stack ITO/PCBM/Cs2BiAgI6/CBTS/Au (SCAPS-1D, simulated PCE 19.99%). chi=3.9|3.90|3.6. Absorber Eg 1.6 eV is the SCAPS input (DFT in the same paper gives 0.846 eV). Junction type not stated; derived."
38,3,TiO2 | Cs2BiAgI6 | CBTS,3.20 | 1.60 | 1.90,-4.00 | -3.90 | -3.60,-7.20 | -5.50 | -5.50,TiO2/Cs2BiAgI6: Type II; Cs2BiAgI6/CBTS: Type I (borderline: one band edge aligned),"Hossain et al., RSC Adv. 2022 (issue 54), doi:10.1039/d2ra06734j (arXiv:2212.13237), Tables 1, 2 and 4",A,"TiO2/Cs2BiAgI6: dEc=+0.10, dEv=+1.70; Cs2BiAgI6/CBTS: dEc=+0.30, dEv=+0.00",borderline I/II at Cs2BiAgI6/CBTS,"Stack ITO/TiO2/Cs2BiAgI6/CBTS/Au (SCAPS-1D, simulated PCE 21.55%). chi=4.0|3.90|3.6. Absorber Eg 1.6 eV is the SCAPS input (DFT in the same paper gives 0.846 eV). Junction type not stated; derived."
39,3,ZnO | Cs2BiAgI6 | CBTS,3.30 | 1.60 | 1.90,-4.00 | -3.90 | -3.60,-7.30 | -5.50 | -5.50,ZnO/Cs2BiAgI6: Type II; Cs2BiAgI6/CBTS: Type I (borderline: one band edge aligned),"Hossain et al., RSC Adv. 2022 (issue 54), doi:10.1039/d2ra06734j (arXiv:2212.13237), Tables 1, 2 and 4",A,"ZnO/Cs2BiAgI6: dEc=+0.10, dEv=+1.80; Cs2BiAgI6/CBTS: dEc=+0.30, dEv=+0.00",borderline I/II at Cs2BiAgI6/CBTS,"Stack ITO/ZnO/Cs2BiAgI6/CBTS/Au (SCAPS-1D, simulated PCE 21.59%). chi=4.0|3.90|3.6. Absorber Eg 1.6 eV is the SCAPS input (DFT in the same paper gives 0.846 eV). Junction type not stated; derived."
40,3,C60 | Cs2BiAgI6 | CBTS,1.70 | 1.60 | 1.90,-3.90 | -3.90 | -3.60,-5.60 | -5.50 | -5.50,C60/Cs2BiAgI6: Type I (borderline: one band edge aligned); Cs2BiAgI6/CBTS: Type I (borderline: one band edge aligned),"Hossain et al., RSC Adv. 2022 (issue 54), doi:10.1039/d2ra06734j (arXiv:2212.13237), Tables 1, 2 and 4",A,"C60/Cs2BiAgI6: dEc=+0.00, dEv=+0.10; Cs2BiAgI6/CBTS: dEc=+0.30, dEv=+0.00",borderline I/II at C60/Cs2BiAgI6; borderline I/II at Cs2BiAgI6/CBTS,"Stack ITO/C60/Cs2BiAgI6/CBTS/Au (SCAPS-1D, simulated PCE 17.47%). chi=3.9|3.90|3.6. Absorber Eg 1.6 eV is the SCAPS input (DFT in the same paper gives 0.846 eV). Junction type not stated; derived."
41,3,IGZO | Cs2BiAgI6 | CBTS,3.05 | 1.60 | 1.90,-4.16 | -3.90 | -3.60,-7.21 | -5.50 | -5.50,IGZO/Cs2BiAgI6: Type II; Cs2BiAgI6/CBTS: Type I (borderline: one band edge aligned),"Hossain et al., RSC Adv. 2022 (issue 54), doi:10.1039/d2ra06734j (arXiv:2212.13237), Tables 1, 2 and 4",A,"IGZO/Cs2BiAgI6: dEc=+0.26, dEv=+1.71; Cs2BiAgI6/CBTS: dEc=+0.30, dEv=+0.00",borderline I/II at Cs2BiAgI6/CBTS,"Stack ITO/IGZO/Cs2BiAgI6/CBTS/Au (SCAPS-1D, simulated PCE 20.42%). chi=4.16|3.90|3.6. Absorber Eg 1.6 eV is the SCAPS input (DFT in the same paper gives 0.846 eV). Junction type not stated; derived."
42,3,SnO2 | Cs2BiAgI6 | CBTS,3.60 | 1.60 | 1.90,-4.00 | -3.90 | -3.60,-7.60 | -5.50 | -5.50,SnO2/Cs2BiAgI6: Type II; Cs2BiAgI6/CBTS: Type I (borderline: one band edge aligned),"Hossain et al., RSC Adv. 2022 (issue 54), doi:10.1039/d2ra06734j (arXiv:2212.13237), Tables 1, 2 and 4",A,"SnO2/Cs2BiAgI6: dEc=+0.10, dEv=+2.10; Cs2BiAgI6/CBTS: dEc=+0.30, dEv=+0.00",borderline I/II at Cs2BiAgI6/CBTS,"Stack ITO/SnO2/Cs2BiAgI6/CBTS/Au (SCAPS-1D, simulated PCE 21.52%). chi=4.0|3.90|3.6. Absorber Eg 1.6 eV is the SCAPS input (DFT in the same paper gives 0.846 eV). Junction type not stated; derived."
43,3,CeO2 | Cs2BiAgI6 | CBTS,3.50 | 1.60 | 1.90,-4.60 | -3.90 | -3.60,-8.10 | -5.50 | -5.50,CeO2/Cs2BiAgI6: Type II; Cs2BiAgI6/CBTS: Type I (borderline: one band edge aligned),"Hossain et al., RSC Adv. 2022 (issue 54), doi:10.1039/d2ra06734j (arXiv:2212.13237), Tables 1, 2 and 4",A,"CeO2/Cs2BiAgI6: dEc=+0.70, dEv=+2.60; Cs2BiAgI6/CBTS: dEc=+0.30, dEv=+0.00","EDGE: large CB cliff at CeO2/Cs2BiAgI6, lowest PCE in the paper; borderline I/II at Cs2BiAgI6/CBTS","Stack ITO/CeO2/Cs2BiAgI6/CBTS/Au (SCAPS-1D, simulated PCE 14.44%). chi=4.6|3.90|3.6. Absorber Eg 1.6 eV is the SCAPS input (DFT in the same paper gives 0.846 eV). Junction type not stated; derived."
44,3,WS2 | Cs2BiAgI6 | CBTS,1.80 | 1.60 | 1.90,-3.95 | -3.90 | -3.60,-5.75 | -5.50 | -5.50,WS2/Cs2BiAgI6: Type II; Cs2BiAgI6/CBTS: Type I (borderline: one band edge aligned),"Hossain et al., RSC Adv. 2022 (issue 54), doi:10.1039/d2ra06734j (arXiv:2212.13237), Tables 1, 2 and 4",A,"WS2/Cs2BiAgI6: dEc=+0.05, dEv=+0.25; Cs2BiAgI6/CBTS: dEc=+0.30, dEv=+0.00",near-zero dEc (+0.05 eV) at WS2/Cs2BiAgI6; borderline I/II at Cs2BiAgI6/CBTS,"Stack ITO/WS2/Cs2BiAgI6/CBTS/Au (SCAPS-1D, simulated PCE 21.43%). chi=3.95|3.90|3.6. Absorber Eg 1.6 eV is the SCAPS input (DFT in the same paper gives 0.846 eV). Junction type not stated; derived."
45,3,ZnO | CdS | CIGS,3.30 | 2.42 | 1.15,-4.60 | -4.40 | -4.50,-7.90 | -6.82 | -5.65,ZnO/CdS: Type II; CdS/CIGS: Type I,"SpringerPlus 2016, 5, doi:10.1186/s40064-016-2256-8, 'An investigation into the effects of band gap and doping concentration on Cu(In,Ga)Se2 solar cell efficiency', Table 1",A,"ZnO/CdS: dEc=+0.20, dEv=+1.08; CdS/CIGS: dEc=-0.10, dEv=+1.17",none,"Stack n-ZnO/n-CdS/p-CIGS (default device parameters, Table 1). chi=4.6|4.4|4.5. Junction type not stated; derived."
46,3,PCBM | Cs0.05(FA0.77MA0.23)0.95Pb(I0.77Br0.23)3 | CuSbS2,2.08 | 1.68 | 1.50,-3.95 | -4.50 | -4.50,-6.03 | -6.18 | -6.00,PCBM/Cs0.05(FA0.77MA0.23)0.95Pb(I0.77Br0.23)3: Type II; Cs0.05(FA0.77MA0.23)0.95Pb(I0.77Br0.23)3/CuSbS2: Type I (borderline: one band edge aligned),"Saidani et al., RSC Adv. 2025, 15, 7342, doi:10.1039/d4ra08323g (Supporting Information Tables S1-S2)",C,"PCBM/Cs0.05(FA0.77MA0.23)0.95Pb(I0.77Br0.23)3: dEc=-0.55, dEv=-0.15; Cs0.05(FA0.77MA0.23)0.95Pb(I0.77Br0.23)3/CuSbS2: dEc=+0.00, dEv=+0.18",borderline I/II at Cs0.05(FA0.77MA0.23)0.95Pb(I0.77Br0.23)3/CuSbS2,Stack ITO/PCBM/mixed-halide perovskite/CuSbS2/metal (SCAPS-1D + DFT). chi=3.95|4.5|4.5. Carried over from the user-supplied v2 workbook; source table not independently re-read.
47,3,ZnO | CdS | CIGS,3.30 | 2.40 | 1.15,-4.10 | -4.00 | -4.50,-7.40 | -6.40 | -5.65,ZnO/CdS: Type II; CdS/CIGS: Type I,"Mirkamali & Muminov, arXiv:1602.01898, Table 1 (AMPS-1D)",C,"ZnO/CdS: dEc=+0.10, dEv=+1.00; CdS/CIGS: dEc=-0.50, dEv=+0.75",none,Classic ZnO/CdS/CIGS thin-film stack. chi=4.1|4.0|4.5. Carried over from the user-supplied v2 workbook; source table not independently re-read.
48,4,CdS | CdTe | CIT | WSe2,2.40 | 1.50 | 1.10 | 1.65,-4.20 | -4.28 | -4.28 | -3.70,-6.60 | -5.78 | -5.38 | -5.35,CdS/CdTe: Type I; CdTe/CIT: Type I (borderline: one band edge aligned); CIT/WSe2: Type II,"'Highly efficient CdTe solar cell with a thin CIT current booster: theoretical insights', arXiv:2308.00349, Table 1 (SCAPS-1D)",C,"CdS/CdTe: dEc=-0.08, dEv=+0.82; CdTe/CIT: dEc=+0.00, dEv=+0.40; CIT/WSe2: dEc=+0.58, dEv=+0.03",borderline I/II at CdTe/CIT; near-zero dEv (+0.03 eV) at CIT/WSe2,"Stack ITO/CdS/CdTe/CIT/WSe2 (4 semiconductor layers). chi=4.2|4.28|4.28|3.7; Eg from the paper text, chi from Table 1. Carried over from the user-supplied v2 workbook; source table not independently re-read."
49,3,ZnSe | CuSbSe2 | CGS,2.70 | 1.08 | 1.66,-4.09 | -4.11 | -3.61,-6.79 | -5.19 | -5.27,ZnSe/CuSbSe2: Type I; CuSbSe2/CGS: Type I,"'Numerical modeling of CuSbSe2-based dual-heterojunction thin film solar cell with CGS back surface layer', arXiv:2208.08683, Table 1 (SCAPS-1D)",C,"ZnSe/CuSbSe2: dEc=-0.02, dEv=+1.60; CuSbSe2/CGS: dEc=+0.50, dEv=-0.08",near-zero dEc (-0.02 eV) at ZnSe/CuSbSe2,Dual-heterojunction ZnSe/CuSbSe2/CGS. chi=4.09|4.11|3.61 (consistent with the paper's stated ionisation potentials 6.79 and 5.19 eV). Carried over from the user-supplied v2 workbook; source table not independently re-read.
50,3,WS2 | Cs2TiI2Br4 | Cu2O,1.87 | 1.38 | 2.17,-4.30 | -4.15 | -3.00,-6.17 | -5.53 | -5.17,WS2/Cs2TiI2Br4: Type II; Cs2TiI2Br4/Cu2O: Type II,"Rahman & Mominuzzaman, arXiv:2401.09584, Table I (SCAPS-1D)",C,"WS2/Cs2TiI2Br4: dEc=+0.15, dEv=+0.64; Cs2TiI2Br4/Cu2O: dEc=+1.15, dEv=+0.36",none,Stack FTO/WS2/Cs2TiI2Br4/Cu2O. chi=4.3|4.15|3.0. Cu2O chi 3.0 is lower than the 3.2-3.4 used in other papers. Carried over from the user-supplied v2 workbook; source table not independently re-read.
51,5,TiO2 | PCBM | MASnI3 | P3HT | Spiro-OMeTAD,4.0| 3.9| 4.2| 3.5| 2.05,NA,NA,NA,"Purwiandono et al., Rasayan J. Chem. 2025, 18(4), 1913-1919, doi:10.31788/RJC.2025.1849402 (Table 1)",,,,"Genuine 5-semiconductor-layer stack FTO/TiO2/PCBM/MASnI3/P3HT/Spiro-OMeTAD/Au (paper calls it 'six-layer'). Eg/chi are in Table 1, an embedded image not readable by me. Fill from PDF before use."
,,,,,,,,,,,
,,,,,,,,,,,
,,PCBM= Phenyl-C61-butyric acid methyl ester,,,,,,,,,
,,IGZO= Indium Gallium Zinc Oxide,,,,,,,,,
,,"CBTS= Copper Barium Tin Sulfide (Cu2BaSnS4)
?
 ",,,,,,,,,
