record_id,material_key,source,method,method_rank,gap_ev,vbm_ev,cbm_ev,edge_reference,ip_ev,ea_ev,work_function_ev,surface_miller,is_direct,is_metal,structure_id,external_id,reference
262973,TiO2|,borlido_expt,experiment,1,3.03,,,none,,,,,,0,,borlido-mp-2657,"Borlido et al., J. Chem. Theory Comput. 15, 5069 (2019); 472 experimental gaps with experimental structures; doi:10.1021/acs.jctc.9b00322"
262974,TiO2|,borlido_expt,experiment,1,3.3,,,none,,,,,,0,,borlido-mp-390,"Borlido et al., J. Chem. Theory Comput. 15, 5069 (2019); 472 experimental gaps with experimental structures; doi:10.1021/acs.jctc.9b00322"
555,TiO2|,expt_gap,experiment,1,3.3,,,none,,,,,,0,,,"Zhuo, Mansouri Tehrani, Brgoch, J. Phys. Chem. Lett. 9, 1668 (2018)"
130628,TiO2|,expt_gap_kingsbury,experiment,1,3.3,,,none,,,,,,0,,mp-554278,"Zhuo, Mansouri Tehrani, Brgoch, J. Phys. Chem. Lett. 9, 1668 (2018); cleaned by Kingsbury (matbench_expt_gap)"
6511,TiO2|,foundry_ml_exp_bandgaps,experiment,1,3.03,,,none,,,,,,0,,fdml-expgap-1245,Foundry-ML experimental band gaps (doi:10.18126/wg3u-g8vu)
125385,TiO2|2D,jarvis_dft_2d,HSE06,2,4.04,,,none,,,,,,0,94001.0,JVASP-5902,"Choudhary et al., npj Comput. Mater. 6, 173 (2020); JARVIS-DFT"
41153,TiO2|,jarvis_dft_3d,HSE06,2,3.78,,,none,,,,,,0,23835.0,JVASP-308,"Choudhary et al., npj Comput. Mater. 6, 173 (2020); JARVIS-DFT"
150615,TiO2|,snumat,HSE06,2,3.02186,,,none,,,,,1.0,0,104687.0,SM-19796,"Kim et al., Sci. Data 7, 387 (2020); SNUMAT HSE06"
150617,TiO2|,snumat,HSE06,2,3.64088,,,none,,,,,0.0,0,104688.0,SM-19797,"Kim et al., Sci. Data 7, 387 (2020); SNUMAT HSE06"
150619,TiO2|,snumat,HSE06,2,3.396366,,,none,,,,,0.0,0,104689.0,SM-19798,"Kim et al., Sci. Data 7, 387 (2020); SNUMAT HSE06"
150621,TiO2|,snumat,HSE06,2,3.429925,,,none,,,,,1.0,0,104690.0,SM-19799,"Kim et al., Sci. Data 7, 387 (2020); SNUMAT HSE06"
150623,TiO2|,snumat,HSE06,2,3.278111,,,none,,,,,0.0,0,104691.0,SM-19800,"Kim et al., Sci. Data 7, 387 (2020); SNUMAT HSE06"
150625,TiO2|,snumat,HSE06,2,3.915086,,,none,,,,,0.0,0,104692.0,SM-1113,"Kim et al., Sci. Data 7, 387 (2020); SNUMAT HSE06"
150627,TiO2|,snumat,HSE06,2,3.069426,,,none,,,,,0.0,0,104693.0,SM-1119,"Kim et al., Sci. Data 7, 387 (2020); SNUMAT HSE06"
150629,TiO2|,snumat,HSE06,2,3.707684,,,none,,,,,0.0,0,104694.0,SM-1117,"Kim et al., Sci. Data 7, 387 (2020); SNUMAT HSE06"
150631,TiO2|,snumat,HSE06,2,3.947669,,,none,,,,,0.0,0,104695.0,SM-19801,"Kim et al., Sci. Data 7, 387 (2020); SNUMAT HSE06"
11934,TiO2|,jarvis_dft_3d,TBmBJ,3,3.146,,,none,,,,,,0,1684.0,JVASP-42549,"Choudhary et al., npj Comput. Mater. 6, 173 (2020); JARVIS-DFT"
12934,TiO2|,jarvis_dft_3d,TBmBJ,3,1.461,,,none,,,,,,0,2477.0,JVASP-90247,"Choudhary et al., npj Comput. Mater. 6, 173 (2020); JARVIS-DFT"
29625,TiO2|,jarvis_dft_3d,TBmBJ,3,2.478,,,none,,,,,,0,15579.0,JVASP-314,"Choudhary et al., npj Comput. Mater. 6, 173 (2020); JARVIS-DFT"
31227,TiO2|,jarvis_dft_3d,TBmBJ,3,0.0,,,none,,,,,,1,16783.0,JVASP-305,"Choudhary et al., npj Comput. Mater. 6, 173 (2020); JARVIS-DFT"
34114,TiO2|,jarvis_dft_3d,TBmBJ,3,2.944,,,none,,,,,,0,18910.0,JVASP-105583,"Choudhary et al., npj Comput. Mater. 6, 173 (2020); JARVIS-DFT"
37678,TiO2|,jarvis_dft_3d,TBmBJ,3,2.653,,,none,,,,,,0,21456.0,JVASP-18983,"Choudhary et al., npj Comput. Mater. 6, 173 (2020); JARVIS-DFT"
38598,TiO2|,jarvis_dft_3d,TBmBJ,3,3.042,,,none,,,,,,0,22123.0,JVASP-22573,"Choudhary et al., npj Comput. Mater. 6, 173 (2020); JARVIS-DFT"
40521,TiO2|,jarvis_dft_3d,TBmBJ,3,2.475,,,none,,,,,,0,23417.0,JVASP-8810,"Choudhary et al., npj Comput. Mater. 6, 173 (2020); JARVIS-DFT"
41152,TiO2|,jarvis_dft_3d,TBmBJ,3,2.666,,,none,,,,,,0,23835.0,JVASP-308,"Choudhary et al., npj Comput. Mater. 6, 173 (2020); JARVIS-DFT"
41799,TiO2|,jarvis_dft_3d,TBmBJ,3,2.786,,,none,,,,,,0,24259.0,JVASP-50518,"Choudhary et al., npj Comput. Mater. 6, 173 (2020); JARVIS-DFT"
42027,TiO2|,jarvis_dft_3d,TBmBJ,3,2.686,,,none,,,,,,0,24417.0,JVASP-8256,"Choudhary et al., npj Comput. Mater. 6, 173 (2020); JARVIS-DFT"
42619,TiO2|,jarvis_dft_3d,TBmBJ,3,2.251,,,none,,,,,,0,24797.0,JVASP-12679,"Choudhary et al., npj Comput. Mater. 6, 173 (2020); JARVIS-DFT"
42685,TiO2|,jarvis_dft_3d,TBmBJ,3,2.672,,,none,,,,,,0,24840.0,JVASP-8266,"Choudhary et al., npj Comput. Mater. 6, 173 (2020); JARVIS-DFT"
42689,TiO2|,jarvis_dft_3d,TBmBJ,3,2.07,,,none,,,,,,0,24843.0,JVASP-5,"Choudhary et al., npj Comput. Mater. 6, 173 (2020); JARVIS-DFT"
43878,TiO2|,jarvis_dft_3d,TBmBJ,3,2.845,,,none,,,,,,0,25636.0,JVASP-9094,"Choudhary et al., npj Comput. Mater. 6, 173 (2020); JARVIS-DFT"
44185,TiO2|,jarvis_dft_3d,TBmBJ,3,2.07,,,none,,,,,,0,25856.0,JVASP-10036,"Choudhary et al., npj Comput. Mater. 6, 173 (2020); JARVIS-DFT"
44613,TiO2|,jarvis_dft_3d,TBmBJ,3,2.68,,,none,,,,,,0,26158.0,JVASP-30565,"Choudhary et al., npj Comput. Mater. 6, 173 (2020); JARVIS-DFT"
45540,TiO2|,jarvis_dft_3d,TBmBJ,3,2.839,,,none,,,,,,0,26828.0,JVASP-10806,"Choudhary et al., npj Comput. Mater. 6, 173 (2020); JARVIS-DFT"
45947,TiO2|,jarvis_dft_3d,TBmBJ,3,3.828,,,none,,,,,,0,27119.0,JVASP-34289,"Choudhary et al., npj Comput. Mater. 6, 173 (2020); JARVIS-DFT"
46048,TiO2|,jarvis_dft_3d,TBmBJ,3,2.985,,,none,,,,,,0,27197.0,JVASP-10490,"Choudhary et al., npj Comput. Mater. 6, 173 (2020); JARVIS-DFT"
46167,TiO2|,jarvis_dft_3d,TBmBJ,3,2.467,,,none,,,,,,0,27292.0,JVASP-49917,"Choudhary et al., npj Comput. Mater. 6, 173 (2020); JARVIS-DFT"
46398,TiO2|,jarvis_dft_3d,TBmBJ,3,1.667,,,none,,,,,,0,27468.0,JVASP-36222,"Choudhary et al., npj Comput. Mater. 6, 173 (2020); JARVIS-DFT"
46930,TiO2|,jarvis_dft_3d,TBmBJ,3,3.012,,,none,,,,,,0,27876.0,JVASP-11017,"Choudhary et al., npj Comput. Mater. 6, 173 (2020); JARVIS-DFT"
47077,TiO2|,jarvis_dft_3d,TBmBJ,3,2.78,,,none,,,,,,0,27998.0,JVASP-30577,"Choudhary et al., npj Comput. Mater. 6, 173 (2020); JARVIS-DFT"
47087,TiO2|,jarvis_dft_3d,TBmBJ,3,3.458,,,none,,,,,,0,28005.0,JVASP-49886,"Choudhary et al., npj Comput. Mater. 6, 173 (2020); JARVIS-DFT"
47282,TiO2|,jarvis_dft_3d,TBmBJ,3,2.252,,,none,,,,,,0,28154.0,JVASP-10914,"Choudhary et al., npj Comput. Mater. 6, 173 (2020); JARVIS-DFT"
49272,TiO2|,jarvis_dft_3d,TBmBJ,3,2.671,,,none,,,,,,0,29649.0,JVASP-30586,"Choudhary et al., npj Comput. Mater. 6, 173 (2020); JARVIS-DFT"
61585,TiO2|,jarvis_dft_3d,TBmBJ,3,2.474,,,none,,,,,,0,38504.0,JVASP-104,"Choudhary et al., npj Comput. Mater. 6, 173 (2020); JARVIS-DFT"
62402,TiO2|,jarvis_dft_3d,TBmBJ,3,2.599,,,none,,,,,,0,39083.0,JVASP-9154,"Choudhary et al., npj Comput. Mater. 6, 173 (2020); JARVIS-DFT"
99009,TiO2|,jarvis_dft_3d,TBmBJ,3,2.011,,,none,,,,,,0,69811.0,JVASP-152565,"Choudhary et al., npj Comput. Mater. 6, 173 (2020); JARVIS-DFT"
125384,TiO2|2D,jarvis_dft_2d,OptB88vdW,5,2.625,,,none,,,,,,0,94001.0,JVASP-5902,"Choudhary et al., npj Comput. Mater. 6, 173 (2020); JARVIS-DFT"
125964,TiO2|2D,jarvis_dft_2d,OptB88vdW,5,2.646,,,none,,,,,,0,94413.0,JVASP-77671,"Choudhary et al., npj Comput. Mater. 6, 173 (2020); JARVIS-DFT"
126366,TiO2|2D,jarvis_dft_2d,OptB88vdW,5,0.0,,,none,,,,,,1,94764.0,JVASP-765,"Choudhary et al., npj Comput. Mater. 6, 173 (2020); JARVIS-DFT"
11933,TiO2|,jarvis_dft_3d,OptB88vdW,5,2.665,,,none,,,,,,0,1684.0,JVASP-42549,"Choudhary et al., npj Comput. Mater. 6, 173 (2020); JARVIS-DFT"
12933,TiO2|,jarvis_dft_3d,OptB88vdW,5,0.951,,,none,,,,,,0,2477.0,JVASP-90247,"Choudhary et al., npj Comput. Mater. 6, 173 (2020); JARVIS-DFT"
21267,TiO2|,jarvis_dft_3d,OptB88vdW,5,0.0,,,none,,,,,,1,8819.0,JVASP-17258,"Choudhary et al., npj Comput. Mater. 6, 173 (2020); JARVIS-DFT"
29624,TiO2|,jarvis_dft_3d,OptB88vdW,5,2.027,,,none,,,,,,0,15579.0,JVASP-314,"Choudhary et al., npj Comput. Mater. 6, 173 (2020); JARVIS-DFT"
31226,TiO2|,jarvis_dft_3d,OptB88vdW,5,0.0,,,none,,,,,,1,16783.0,JVASP-305,"Choudhary et al., npj Comput. Mater. 6, 173 (2020); JARVIS-DFT"
34113,TiO2|,jarvis_dft_3d,OptB88vdW,5,2.327,,,none,,,,,,0,18910.0,JVASP-105583,"Choudhary et al., npj Comput. Mater. 6, 173 (2020); JARVIS-DFT"
37677,TiO2|,jarvis_dft_3d,OptB88vdW,5,2.254,,,none,,,,,,0,21456.0,JVASP-18983,"Choudhary et al., npj Comput. Mater. 6, 173 (2020); JARVIS-DFT"
38597,TiO2|,jarvis_dft_3d,OptB88vdW,5,2.682,,,none,,,,,,0,22123.0,JVASP-22573,"Choudhary et al., npj Comput. Mater. 6, 173 (2020); JARVIS-DFT"
40520,TiO2|,jarvis_dft_3d,OptB88vdW,5,2.024,,,none,,,,,,0,23417.0,JVASP-8810,"Choudhary et al., npj Comput. Mater. 6, 173 (2020); JARVIS-DFT"
41151,TiO2|,jarvis_dft_3d,OptB88vdW,5,2.354,,,none,,,,,,0,23835.0,JVASP-308,"Choudhary et al., npj Comput. Mater. 6, 173 (2020); JARVIS-DFT"
41798,TiO2|,jarvis_dft_3d,OptB88vdW,5,2.347,,,none,,,,,,0,24259.0,JVASP-50518,"Choudhary et al., npj Comput. Mater. 6, 173 (2020); JARVIS-DFT"
42026,TiO2|,jarvis_dft_3d,OptB88vdW,5,2.331,,,none,,,,,,0,24417.0,JVASP-8256,"Choudhary et al., npj Comput. Mater. 6, 173 (2020); JARVIS-DFT"
42618,TiO2|,jarvis_dft_3d,OptB88vdW,5,1.739,,,none,,,,,,0,24797.0,JVASP-12679,"Choudhary et al., npj Comput. Mater. 6, 173 (2020); JARVIS-DFT"
42684,TiO2|,jarvis_dft_3d,OptB88vdW,5,2.355,,,none,,,,,,0,24840.0,JVASP-8266,"Choudhary et al., npj Comput. Mater. 6, 173 (2020); JARVIS-DFT"
42688,TiO2|,jarvis_dft_3d,OptB88vdW,5,1.769,,,none,,,,,,0,24843.0,JVASP-5,"Choudhary et al., npj Comput. Mater. 6, 173 (2020); JARVIS-DFT"
43877,TiO2|,jarvis_dft_3d,OptB88vdW,5,2.567,,,none,,,,,,0,25636.0,JVASP-9094,"Choudhary et al., npj Comput. Mater. 6, 173 (2020); JARVIS-DFT"
43929,TiO2|,jarvis_dft_3d,OptB88vdW,5,2.394,,,none,,,,,,0,25672.0,JVASP-45563,"Choudhary et al., npj Comput. Mater. 6, 173 (2020); JARVIS-DFT"
44184,TiO2|,jarvis_dft_3d,OptB88vdW,5,1.769,,,none,,,,,,0,25856.0,JVASP-10036,"Choudhary et al., npj Comput. Mater. 6, 173 (2020); JARVIS-DFT"
44405,TiO2|,jarvis_dft_3d,OptB88vdW,5,0.0,,,none,,,,,,1,26015.0,JVASP-12192,"Choudhary et al., npj Comput. Mater. 6, 173 (2020); JARVIS-DFT"
44612,TiO2|,jarvis_dft_3d,OptB88vdW,5,2.324,,,none,,,,,,0,26158.0,JVASP-30565,"Choudhary et al., npj Comput. Mater. 6, 173 (2020); JARVIS-DFT"
44921,TiO2|,jarvis_dft_3d,OptB88vdW,5,2.396,,,none,,,,,,0,26379.0,JVASP-50537,"Choudhary et al., npj Comput. Mater. 6, 173 (2020); JARVIS-DFT"
45539,TiO2|,jarvis_dft_3d,OptB88vdW,5,2.389,,,none,,,,,,0,26828.0,JVASP-10806,"Choudhary et al., npj Comput. Mater. 6, 173 (2020); JARVIS-DFT"
45946,TiO2|,jarvis_dft_3d,OptB88vdW,5,3.483,,,none,,,,,,0,27119.0,JVASP-34289,"Choudhary et al., npj Comput. Mater. 6, 173 (2020); JARVIS-DFT"
46047,TiO2|,jarvis_dft_3d,OptB88vdW,5,2.524,,,none,,,,,,0,27197.0,JVASP-10490,"Choudhary et al., npj Comput. Mater. 6, 173 (2020); JARVIS-DFT"
46166,TiO2|,jarvis_dft_3d,OptB88vdW,5,2.141,,,none,,,,,,0,27292.0,JVASP-49917,"Choudhary et al., npj Comput. Mater. 6, 173 (2020); JARVIS-DFT"
46397,TiO2|,jarvis_dft_3d,OptB88vdW,5,1.188,,,none,,,,,,0,27468.0,JVASP-36222,"Choudhary et al., npj Comput. Mater. 6, 173 (2020); JARVIS-DFT"
46929,TiO2|,jarvis_dft_3d,OptB88vdW,5,2.607,,,none,,,,,,0,27876.0,JVASP-11017,"Choudhary et al., npj Comput. Mater. 6, 173 (2020); JARVIS-DFT"
47076,TiO2|,jarvis_dft_3d,OptB88vdW,5,2.393,,,none,,,,,,0,27998.0,JVASP-30577,"Choudhary et al., npj Comput. Mater. 6, 173 (2020); JARVIS-DFT"
47086,TiO2|,jarvis_dft_3d,OptB88vdW,5,3.06,,,none,,,,,,0,28005.0,JVASP-49886,"Choudhary et al., npj Comput. Mater. 6, 173 (2020); JARVIS-DFT"
47281,TiO2|,jarvis_dft_3d,OptB88vdW,5,1.739,,,none,,,,,,0,28154.0,JVASP-10914,"Choudhary et al., npj Comput. Mater. 6, 173 (2020); JARVIS-DFT"
49271,TiO2|,jarvis_dft_3d,OptB88vdW,5,2.355,,,none,,,,,,0,29649.0,JVASP-30586,"Choudhary et al., npj Comput. Mater. 6, 173 (2020); JARVIS-DFT"
61584,TiO2|,jarvis_dft_3d,OptB88vdW,5,2.023,,,none,,,,,,0,38504.0,JVASP-104,"Choudhary et al., npj Comput. Mater. 6, 173 (2020); JARVIS-DFT"
62401,TiO2|,jarvis_dft_3d,OptB88vdW,5,2.233,,,none,,,,,,0,39083.0,JVASP-9154,"Choudhary et al., npj Comput. Mater. 6, 173 (2020); JARVIS-DFT"
92479,TiO2|,jarvis_dft_3d,OptB88vdW,5,1.482,,,none,,,,,,0,63982.0,JVASP-144273,"Choudhary et al., npj Comput. Mater. 6, 173 (2020); JARVIS-DFT"
95266,TiO2|,jarvis_dft_3d,OptB88vdW,5,1.797,,,none,,,,,,0,66446.0,JVASP-141067,"Choudhary et al., npj Comput. Mater. 6, 173 (2020); JARVIS-DFT"
99008,TiO2|,jarvis_dft_3d,OptB88vdW,5,1.382,,,none,,,,,,0,69811.0,JVASP-152565,"Choudhary et al., npj Comput. Mater. 6, 173 (2020); JARVIS-DFT"
99678,TiO2|,jarvis_dft_3d,OptB88vdW,5,1.765,,,none,,,,,,0,70432.0,JVASP-146946,"Choudhary et al., npj Comput. Mater. 6, 173 (2020); JARVIS-DFT"
103837,TiO2|,jarvis_dft_3d,OptB88vdW,5,2.054,,,none,,,,,,0,74342.0,JVASP-152297,"Choudhary et al., npj Comput. Mater. 6, 173 (2020); JARVIS-DFT"
117864,TiO2|,jarvis_dft_3d,OptB88vdW,5,2.006,,,none,,,,,,0,87483.0,JVASP-170833,"Choudhary et al., npj Comput. Mater. 6, 173 (2020); JARVIS-DFT"
119922,TiO2|,jarvis_dft_3d,OptB88vdW,5,3.06,,,none,,,,,,0,89390.0,JVASP-162595,"Choudhary et al., npj Comput. Mater. 6, 173 (2020); JARVIS-DFT"
261784,TiO2|,dielectric_constant,PBE,6,2.68,,,none,,,,,,0,124931.0,mp-554278,"Petousis et al., Sci. Data 4, 160134 (2017)"
174599,TiO2|,mp_nostruct_20181018,PBE,6,2.6271,,,none,,,,,,0,,mvc-11600,"Materials Project snapshot 2018-10-18 (Jain et al., APL Mater. 1, 011002 (2013))"
175023,TiO2|,mp_nostruct_20181018,PBE,6,1.0564999999999998,,,none,,,,,,0,,mp-1008677,"Materials Project snapshot 2018-10-18 (Jain et al., APL Mater. 1, 011002 (2013))"
175354,TiO2|,mp_nostruct_20181018,PBE,6,2.4516,,,none,,,,,,0,,mvc-12939,"Materials Project snapshot 2018-10-18 (Jain et al., APL Mater. 1, 011002 (2013))"
186010,TiO2|,mp_nostruct_20181018,PBE,6,0.0,,,none,,,,,,1,,mvc-13391,"Materials Project snapshot 2018-10-18 (Jain et al., APL Mater. 1, 011002 (2013))"
187120,TiO2|,mp_nostruct_20181018,PBE,6,1.7809999999999997,,,none,,,,,,0,,mp-2657,"Materials Project snapshot 2018-10-18 (Jain et al., APL Mater. 1, 011002 (2013))"
188709,TiO2|,mp_nostruct_20181018,PBE,6,2.0517,,,none,,,,,,0,,mp-390,"Materials Project snapshot 2018-10-18 (Jain et al., APL Mater. 1, 011002 (2013))"
188937,TiO2|,mp_nostruct_20181018,PBE,6,1.989,,,none,,,,,,0,,mp-34688,"Materials Project snapshot 2018-10-18 (Jain et al., APL Mater. 1, 011002 (2013))"
194715,TiO2|,mp_nostruct_20181018,PBE,6,2.0938,,,none,,,,,,0,,mp-766454,"Materials Project snapshot 2018-10-18 (Jain et al., APL Mater. 1, 011002 (2013))"
195234,TiO2|,mp_nostruct_20181018,PBE,6,3.4299,,,none,,,,,,0,,mp-553432,"Materials Project snapshot 2018-10-18 (Jain et al., APL Mater. 1, 011002 (2013))"
195871,TiO2|,mp_nostruct_20181018,PBE,6,0.8868999999999998,,,none,,,,,,0,,mp-1079207,"Materials Project snapshot 2018-10-18 (Jain et al., APL Mater. 1, 011002 (2013))"
199555,TiO2|,mp_nostruct_20181018,PBE,6,2.4757000000000007,,,none,,,,,,0,,mp-9173,"Materials Project snapshot 2018-10-18 (Jain et al., APL Mater. 1, 011002 (2013))"
199668,TiO2|,mp_nostruct_20181018,PBE,6,2.5323,,,none,,,,,,0,,mvc-12404,"Materials Project snapshot 2018-10-18 (Jain et al., APL Mater. 1, 011002 (2013))"
200135,TiO2|,mp_nostruct_20181018,PBE,6,2.6333,,,none,,,,,,0,,mvc-11423,"Materials Project snapshot 2018-10-18 (Jain et al., APL Mater. 1, 011002 (2013))"
200766,TiO2|,mp_nostruct_20181018,PBE,6,2.9809,,,none,,,,,,0,,mp-754672,"Materials Project snapshot 2018-10-18 (Jain et al., APL Mater. 1, 011002 (2013))"
201067,TiO2|,mp_nostruct_20181018,PBE,6,2.439,,,none,,,,,,0,,mvc-11115,"Materials Project snapshot 2018-10-18 (Jain et al., APL Mater. 1, 011002 (2013))"
201079,TiO2|,mp_nostruct_20181018,PBE,6,2.6774000000000004,,,none,,,,,,0,,mp-554278,"Materials Project snapshot 2018-10-18 (Jain et al., APL Mater. 1, 011002 (2013))"
201845,TiO2|,mp_nostruct_20181018,PBE,6,1.712,,,none,,,,,,0,,mvc-11912,"Materials Project snapshot 2018-10-18 (Jain et al., APL Mater. 1, 011002 (2013))"
202089,TiO2|,mp_nostruct_20181018,PBE,6,1.8200000000000005,,,none,,,,,,0,,mvc-6590,"Materials Project snapshot 2018-10-18 (Jain et al., APL Mater. 1, 011002 (2013))"
202754,TiO2|,mp_nostruct_20181018,PBE,6,2.2393,,,none,,,,,,0,,mp-430,"Materials Project snapshot 2018-10-18 (Jain et al., APL Mater. 1, 011002 (2013))"
203399,TiO2|,mp_nostruct_20181018,PBE,6,1.6966,,,none,,,,,,0,,mp-572822,"Materials Project snapshot 2018-10-18 (Jain et al., APL Mater. 1, 011002 (2013))"
203405,TiO2|,mp_nostruct_20181018,PBE,6,2.6564,,,none,,,,,,0,,mp-1439,"Materials Project snapshot 2018-10-18 (Jain et al., APL Mater. 1, 011002 (2013))"
220333,TiO2|,mp_nostruct_20181018,PBE,6,2.7733,,,none,,,,,,0,,mp-636827,"Materials Project snapshot 2018-10-18 (Jain et al., APL Mater. 1, 011002 (2013))"
221711,TiO2|,mp_nostruct_20181018,PBE,6,2.3165,,,none,,,,,,0,,mp-756587,"Materials Project snapshot 2018-10-18 (Jain et al., APL Mater. 1, 011002 (2013))"
221818,TiO2|,mp_nostruct_20181018,PBE,6,2.2943,,,none,,,,,,0,,mp-754769,"Materials Project snapshot 2018-10-18 (Jain et al., APL Mater. 1, 011002 (2013))"
222393,TiO2|,mp_nostruct_20181018,PBE,6,2.7647,,,none,,,,,,0,,mp-849533,"Materials Project snapshot 2018-10-18 (Jain et al., APL Mater. 1, 011002 (2013))"
222691,TiO2|,mp_nostruct_20181018,PBE,6,2.4317,,,none,,,,,,0,,mvc-11500,"Materials Project snapshot 2018-10-18 (Jain et al., APL Mater. 1, 011002 (2013))"
223070,TiO2|,mp_nostruct_20181018,PBE,6,2.2984,,,none,,,,,,0,,mp-1840,"Materials Project snapshot 2018-10-18 (Jain et al., APL Mater. 1, 011002 (2013))"
223370,TiO2|,mp_nostruct_20181018,PBE,6,2.6518,,,none,,,,,,0,,mvc-12466,"Materials Project snapshot 2018-10-18 (Jain et al., APL Mater. 1, 011002 (2013))"
223428,TiO2|,mp_nostruct_20181018,PBE,6,2.8374,,,none,,,,,,0,,mp-655656,"Materials Project snapshot 2018-10-18 (Jain et al., APL Mater. 1, 011002 (2013))"
233180,TiO2|,mp_nostruct_20181018,PBE,6,2.0838999999999994,,,none,,,,,,0,,mp-775938,"Materials Project snapshot 2018-10-18 (Jain et al., APL Mater. 1, 011002 (2013))"
234827,TiO2|,mp_nostruct_20181018,PBE,6,1.7347,,,none,,,,,,0,,mvc-5171,"Materials Project snapshot 2018-10-18 (Jain et al., APL Mater. 1, 011002 (2013))"
235499,TiO2|,mp_nostruct_20181018,PBE,6,1.8458,,,none,,,,,,0,,mvc-9726,"Materials Project snapshot 2018-10-18 (Jain et al., APL Mater. 1, 011002 (2013))"
241653,TiO2|,mp_nostruct_20181018,PBE,6,2.0948,,,none,,,,,,0,,mvc-4715,"Materials Project snapshot 2018-10-18 (Jain et al., APL Mater. 1, 011002 (2013))"
244477,TiO2|,mp_nostruct_20181018,PBE,6,3.3083,,,none,,,,,,0,,mp-777129,"Materials Project snapshot 2018-10-18 (Jain et al., APL Mater. 1, 011002 (2013))"
150616,TiO2|,snumat,PBE,6,1.666895,,,none,,,,,1.0,0,104687.0,SM-19796,"Kim et al., Sci. Data 7, 387 (2020); SNUMAT HSE06"
150618,TiO2|,snumat,PBE,6,2.307759,,,none,,,,,0.0,0,104688.0,SM-19797,"Kim et al., Sci. Data 7, 387 (2020); SNUMAT HSE06"
150620,TiO2|,snumat,PBE,6,2.026449,,,none,,,,,0.0,0,104689.0,SM-19798,"Kim et al., Sci. Data 7, 387 (2020); SNUMAT HSE06"
150622,TiO2|,snumat,PBE,6,2.082201,,,none,,,,,1.0,0,104690.0,SM-19799,"Kim et al., Sci. Data 7, 387 (2020); SNUMAT HSE06"
150624,TiO2|,snumat,PBE,6,1.895032,,,none,,,,,0.0,0,104691.0,SM-19800,"Kim et al., Sci. Data 7, 387 (2020); SNUMAT HSE06"
150626,TiO2|,snumat,PBE,6,2.51403,,,none,,,,,0.0,0,104692.0,SM-1113,"Kim et al., Sci. Data 7, 387 (2020); SNUMAT HSE06"
150628,TiO2|,snumat,PBE,6,1.493856,,,none,,,,,0.0,0,104693.0,SM-1119,"Kim et al., Sci. Data 7, 387 (2020); SNUMAT HSE06"
150630,TiO2|,snumat,PBE,6,2.321888,,,none,,,,,0.0,0,104694.0,SM-1117,"Kim et al., Sci. Data 7, 387 (2020); SNUMAT HSE06"
150632,TiO2|,snumat,PBE,6,2.368861,,,none,,,,,0.0,0,104695.0,SM-19801,"Kim et al., Sci. Data 7, 387 (2020); SNUMAT HSE06"
