structure_id,material_id,source,external_id,space_group_number,crystal_system,density,volume_per_atom,n_sites,e_above_hull
1684,468,jarvis_dft_3d,JVASP-42549,62,orthorhombic,3.8424260428122974,11.504908590987064,24,1.5039
2477,468,jarvis_dft_3d,JVASP-90247,189,hexagonal,5.210082885513091,8.484847815589047,9,1.5621
8819,468,jarvis_dft_3d,JVASP-17258,194,hexagonal,2.4924940946902723,17.735953912330913,6,2.419
15579,468,jarvis_dft_3d,JVASP-314,141,tetragonal,3.7971608855567234,11.642056189489645,12,1.4766
16783,468,jarvis_dft_3d,JVASP-305,194,hexagonal,2.4928195672291316,17.733638234924964,6,2.419
18910,468,jarvis_dft_3d,JVASP-105583,166,trigonal,3.8311755035420805,11.538693633145401,3,1.5283
21456,468,jarvis_dft_3d,JVASP-18983,61,orthorhombic,4.035992688570703,10.953131930929962,24,1.4758
22123,468,jarvis_dft_3d,JVASP-22573,12,monoclinic,3.6358861460601646,12.158455632084616,12,1.4773
23417,468,jarvis_dft_3d,JVASP-8810,141,tetragonal,3.798025889626261,11.639404699933136,6,1.4768
23835,468,jarvis_dft_3d,JVASP-308,166,trigonal,3.802157269685407,11.626757457573902,3,1.5314
24259,468,jarvis_dft_3d,JVASP-50518,186,hexagonal,3.8653430688517303,11.436697753018867,24,1.5116
24417,468,jarvis_dft_3d,JVASP-8256,166,trigonal,3.4780815049383347,12.71009903805213,3,1.5371
24797,468,jarvis_dft_3d,JVASP-12679,227,cubic,3.5757821497482842,12.36282260464205,12,1.5415
24840,468,jarvis_dft_3d,JVASP-8266,166,trigonal,3.796255917137065,11.644831474776344,3,1.5313
24843,468,jarvis_dft_3d,JVASP-5,136,tetragonal,4.159702932319384,10.627384000600893,6,1.4778
25636,468,jarvis_dft_3d,JVASP-9094,60,orthorhombic,4.231708857758949,10.446550525121637,12,1.475
25672,468,jarvis_dft_3d,JVASP-45563,59,orthorhombic,3.455650554141293,12.792601479106652,24,1.5372
25856,468,jarvis_dft_3d,JVASP-10036,136,tetragonal,4.159129651984928,10.62884884319154,12,1.4778
26015,468,jarvis_dft_3d,JVASP-12192,194,hexagonal,2.493283333592963,17.730339666803605,6,2.419
26158,468,jarvis_dft_3d,JVASP-30565,166,trigonal,3.4907255744309205,12.66406065088359,3,1.5375
26379,468,jarvis_dft_3d,JVASP-50537,62,orthorhombic,3.7165065774367805,11.894707965422837,24,1.5015
26828,468,jarvis_dft_3d,JVASP-10806,160,trigonal,3.6198098844247246,12.212453637522778,12,1.5412
27119,468,jarvis_dft_3d,JVASP-34289,152,trigonal,2.542653603886948,17.38607269295545,9,1.524
27197,468,jarvis_dft_3d,JVASP-10490,62,orthorhombic,3.8701905491597106,11.422373092141866,12,1.4943
27292,468,jarvis_dft_3d,JVASP-49917,62,orthorhombic,4.006318954984428,11.03425885130393,24,1.487
27468,468,jarvis_dft_3d,JVASP-36222,225,cubic,4.717302451583045,9.371194839404163,3,1.5607
27876,468,jarvis_dft_3d,JVASP-11017,87,tetragonal,3.393447445956652,13.027094450175355,12,1.5016
27998,468,jarvis_dft_3d,JVASP-30577,59,orthorhombic,3.457650037494777,12.785203797609725,24,1.5373
28005,468,jarvis_dft_3d,JVASP-49886,62,orthorhombic,2.973503810935497,14.866892124908931,12,1.5042
28154,468,jarvis_dft_3d,JVASP-10914,227,cubic,3.575861592310721,12.362547947952658,12,1.5415
29649,468,jarvis_dft_3d,JVASP-30586,166,trigonal,3.7979900207995003,11.639514624337489,3,1.5313
38504,468,jarvis_dft_3d,JVASP-104,141,tetragonal,3.7980628604504085,11.639291400495987,6,1.4768
39083,468,jarvis_dft_3d,JVASP-9154,14,monoclinic,4.491071664932037,9.843254280568825,12,1.4849
63982,468,jarvis_dft_3d,JVASP-144273,205,cubic,4.545852909390272,9.724635018186941,12,1.54
66446,468,jarvis_dft_3d,JVASP-141067,62,orthorhombic,5.124585155922867,8.626407610592745,12,1.549
69811,468,jarvis_dft_3d,JVASP-152565,205,cubic,4.5462834679596655,9.723714040652036,12,1.5398
70432,468,jarvis_dft_3d,JVASP-146946,136,tetragonal,4.174388699531632,10.589996181990346,12,1.4753
74342,468,jarvis_dft_3d,JVASP-152297,141,tetragonal,3.8134038515299937,11.592467546401421,12,1.4705
87483,468,jarvis_dft_3d,JVASP-170833,141,tetragonal,3.8139084328925295,11.590933859063972,6,1.4743
89390,468,jarvis_dft_3d,JVASP-162595,62,orthorhombic,3.018802798287099,14.64380529104684,12,1.5017
104687,468,snumat,SM-19796,136,,4.112456847855012,10.749477022048545,6,
104688,468,snumat,SM-19797,60,,4.19008912618281,10.55031505510151,12,
104689,468,snumat,SM-19798,14,,4.446021661787483,9.942992579215348,12,
104690,468,snumat,SM-19799,61,,3.9950837150239233,11.065290127448284,24,
104691,468,snumat,SM-19800,141,,3.7434491469365763,11.809098682790951,6,
104692,468,snumat,SM-1113,12,,3.589423227327522,12.315839506921963,12,
104693,468,snumat,SM-1119,11,,1.889465384898828,23.39643834890931,12,
104694,468,snumat,SM-1117,62,,3.7363875731713283,11.831417251145155,12,
104695,468,snumat,SM-19801,35,,2.548723574214023,17.344666497941482,24,
124931,468,dielectric_constant,mp-554278,12,,3.6159390664985875,12.225526917683998,12,
94001,68851,jarvis_dft_2d,JVASP-5902,164,trigonal,0.6953955599702244,63.57066817061139,3,0.0
94413,68851,jarvis_dft_2d,JVASP-77671,164,trigonal,0.7797345176415007,56.694630531296575,3,0.0
94764,68851,jarvis_dft_2d,JVASP-765,191,hexagonal,0.4224923040935833,104.63329145136737,3,0.0
